model,num_rules,accuracy
anthropic/claude-3.5-haiku,10,98.0
anthropic/claude-3.5-haiku,20,97.0
anthropic/claude-3.5-haiku,30,94.66666666666666
anthropic/claude-3.5-haiku,40,86.0
anthropic/claude-3.5-haiku,50,78.0
anthropic/claude-3.5-haiku,60,71.66666666666666
anthropic/claude-3.5-haiku,70,67.42857142857142
anthropic/claude-3.5-haiku,80,50.5
anthropic/claude-3.5-haiku,90,47.333333333333336
anthropic/claude-3.5-haiku,100,43.4
anthropic/claude-3.5-haiku,110,34.72727272727273
anthropic/claude-3.5-haiku,120,30.666666666666668
anthropic/claude-3.5-haiku,130,31.69230769230769
anthropic/claude-3.5-haiku,140,29.571428571428573
anthropic/claude-3.5-haiku,150,29.06666666666667
anthropic/claude-3.5-haiku,160,25.625
anthropic/claude-3.5-haiku,170,22.588235294117645
anthropic/claude-3.5-haiku,180,22.666666666666664
anthropic/claude-3.5-haiku,190,23.473684210526315
anthropic/claude-3.5-haiku,200,19.8
anthropic/claude-3.5-haiku,210,19.714285714285715
anthropic/claude-3.5-haiku,220,17.727272727272727
anthropic/claude-3.5-haiku,230,18.695652173913043
anthropic/claude-3.5-haiku,240,16.916666666666668
anthropic/claude-3.5-haiku,250,16.560000000000002
anthropic/claude-3.5-haiku,260,13.76923076923077
anthropic/claude-3.5-haiku,270,13.259259259259258
anthropic/claude-3.5-haiku,280,14.0
anthropic/claude-3.5-haiku,290,13.586206896551724
anthropic/claude-3.5-haiku,300,12.666666666666668
anthropic/claude-3.5-haiku,310,13.806451612903226
anthropic/claude-3.5-haiku,320,13.0
anthropic/claude-3.5-haiku,330,12.484848484848484
anthropic/claude-3.5-haiku,340,12.117647058823529
anthropic/claude-3.5-haiku,350,12.342857142857143
anthropic/claude-3.5-haiku,360,11.722222222222223
anthropic/claude-3.5-haiku,370,9.945945945945947
anthropic/claude-3.5-haiku,380,11.263157894736842
anthropic/claude-3.5-haiku,390,10.923076923076923
anthropic/claude-3.5-haiku,400,9.75
anthropic/claude-3.5-haiku,410,9.951219512195122
anthropic/claude-3.5-haiku,420,9.333333333333334
anthropic/claude-3.5-haiku,430,9.302325581395348
anthropic/claude-3.5-haiku,440,9.681818181818182
anthropic/claude-3.5-haiku,450,9.733333333333334
anthropic/claude-3.5-haiku,460,9.956521739130434
anthropic/claude-3.5-haiku,470,9.361702127659575
anthropic/claude-3.5-haiku,480,8.5
anthropic/claude-3.5-haiku,490,8.979591836734695
anthropic/claude-3.5-haiku,500,8.52
anthropic/claude-3.7-sonnet,10,100.0
anthropic/claude-3.7-sonnet,20,99.0
anthropic/claude-3.7-sonnet,30,100.0
anthropic/claude-3.7-sonnet,40,99.5
anthropic/claude-3.7-sonnet,50,99.6
anthropic/claude-3.7-sonnet,60,98.0
anthropic/claude-3.7-sonnet,70,97.71428571428571
anthropic/claude-3.7-sonnet,80,97.25
anthropic/claude-3.7-sonnet,90,94.22222222222221
anthropic/claude-3.7-sonnet,100,94.8
anthropic/claude-3.7-sonnet,110,92.0
anthropic/claude-3.7-sonnet,120,92.5
anthropic/claude-3.7-sonnet,130,91.53846153846155
anthropic/claude-3.7-sonnet,140,90.85714285714286
anthropic/claude-3.7-sonnet,150,86.8
anthropic/claude-3.7-sonnet,160,86.625
anthropic/claude-3.7-sonnet,170,85.88235294117648
anthropic/claude-3.7-sonnet,180,82.66666666666666
anthropic/claude-3.7-sonnet,190,76.3157894736842
anthropic/claude-3.7-sonnet,200,77.1
anthropic/claude-3.7-sonnet,210,78.57142857142858
anthropic/claude-3.7-sonnet,220,67.9090909090909
anthropic/claude-3.7-sonnet,230,73.3913043478261
anthropic/claude-3.7-sonnet,240,77.58333333333334
anthropic/claude-3.7-sonnet,250,72.88
anthropic/claude-3.7-sonnet,260,70.92307692307693
anthropic/claude-3.7-sonnet,270,65.33333333333333
anthropic/claude-3.7-sonnet,280,67.21428571428571
anthropic/claude-3.7-sonnet,290,70.6896551724138
anthropic/claude-3.7-sonnet,300,69.2
anthropic/claude-3.7-sonnet,310,64.51612903225806
anthropic/claude-3.7-sonnet,320,66.125
anthropic/claude-3.7-sonnet,330,66.06060606060605
anthropic/claude-3.7-sonnet,340,59.294117647058826
anthropic/claude-3.7-sonnet,350,59.48571428571429
anthropic/claude-3.7-sonnet,360,58.66666666666667
anthropic/claude-3.7-sonnet,370,57.13513513513514
anthropic/claude-3.7-sonnet,380,62.05263157894736
anthropic/claude-3.7-sonnet,390,63.128205128205124
anthropic/claude-3.7-sonnet,400,59.25
anthropic/claude-3.7-sonnet,410,54.53658536585366
anthropic/claude-3.7-sonnet,420,58.857142857142854
anthropic/claude-3.7-sonnet,430,56.093023255813954
anthropic/claude-3.7-sonnet,440,60.63636363636364
anthropic/claude-3.7-sonnet,450,60.133333333333326
anthropic/claude-3.7-sonnet,460,52.26086956521739
anthropic/claude-3.7-sonnet,470,50.255319148936174
anthropic/claude-3.7-sonnet,480,57.16666666666667
anthropic/claude-3.7-sonnet,490,53.59183673469388
anthropic/claude-3.7-sonnet,500,52.67999999999999
anthropic/claude-opus-4,10,100.0
anthropic/claude-opus-4,20,100.0
anthropic/claude-opus-4,30,100.0
anthropic/claude-opus-4,40,99.0
anthropic/claude-opus-4,50,100.0
anthropic/claude-opus-4,60,98.66666666666666
anthropic/claude-opus-4,70,99.14285714285715
anthropic/claude-opus-4,80,97.75
anthropic/claude-opus-4,90,95.55555555555556
anthropic/claude-opus-4,100,94.6
anthropic/claude-opus-4,110,91.45454545454545
anthropic/claude-opus-4,120,94.16666666666667
anthropic/claude-opus-4,130,92.61538461538461
anthropic/claude-opus-4,140,95.57142857142857
anthropic/claude-opus-4,150,90.66666666666667
anthropic/claude-opus-4,160,83.125
anthropic/claude-opus-4,170,86.58823529411765
anthropic/claude-opus-4,180,74.11111111111111
anthropic/claude-opus-4,190,75.6842105263158
anthropic/claude-opus-4,200,74.7
anthropic/claude-opus-4,210,76.19047619047619
anthropic/claude-opus-4,220,67.72727272727272
anthropic/claude-opus-4,230,64.52173913043478
anthropic/claude-opus-4,240,60.58333333333333
anthropic/claude-opus-4,250,67.92
anthropic/claude-opus-4,260,68.07692307692308
anthropic/claude-opus-4,270,61.18518518518518
anthropic/claude-opus-4,280,58.57142857142857
anthropic/claude-opus-4,290,53.58620689655172
anthropic/claude-opus-4,300,56.06666666666668
anthropic/claude-opus-4,310,61.03225806451612
anthropic/claude-opus-4,320,50.875
anthropic/claude-opus-4,330,58.54545454545455
anthropic/claude-opus-4,340,49.82352941176471
anthropic/claude-opus-4,350,53.94285714285714
anthropic/claude-opus-4,360,48.22222222222222
anthropic/claude-opus-4,370,46.972972972972975
anthropic/claude-opus-4,380,47.89473684210526
anthropic/claude-opus-4,390,52.15384615384615
anthropic/claude-opus-4,400,46.75
anthropic/claude-opus-4,410,46.048780487804876
anthropic/claude-opus-4,420,49.142857142857146
anthropic/claude-opus-4,430,53.20930232558139
anthropic/claude-opus-4,440,40.81818181818182
anthropic/claude-opus-4,450,44.84444444444445
anthropic/claude-opus-4,460,43.47826086956521
anthropic/claude-opus-4,470,34.68085106382979
anthropic/claude-opus-4,480,44.166666666666664
anthropic/claude-opus-4,490,53.55102040816327
anthropic/claude-opus-4,500,44.64
anthropic/claude-opus-4-high-reasoning,10,92.0
anthropic/claude-opus-4-high-reasoning,20,100.0
anthropic/claude-opus-4-high-reasoning,30,100.0
anthropic/claude-opus-4-high-reasoning,40,91.5
anthropic/claude-opus-4-high-reasoning,50,99.6
anthropic/claude-opus-4-high-reasoning,60,99.0
anthropic/claude-opus-4-high-reasoning,70,98.85714285714286
anthropic/claude-opus-4-high-reasoning,80,73.25
anthropic/claude-opus-4-high-reasoning,90,86.44444444444444
anthropic/claude-opus-4-high-reasoning,100,81.8
anthropic/claude-opus-4-high-reasoning,110,94.18181818181819
anthropic/claude-opus-4-high-reasoning,120,97.16666666666667
anthropic/claude-opus-4-high-reasoning,130,95.23076923076923
anthropic/claude-opus-4-high-reasoning,140,94.28571428571429
anthropic/claude-opus-4-high-reasoning,150,87.2
anthropic/claude-opus-4-high-reasoning,160,86.5
anthropic/claude-opus-4-high-reasoning,170,82.47058823529412
anthropic/claude-opus-4-high-reasoning,180,85.33333333333334
anthropic/claude-opus-4-high-reasoning,190,85.89473684210526
anthropic/claude-opus-4-high-reasoning,200,74.9
anthropic/claude-opus-4-high-reasoning,210,79.04761904761905
anthropic/claude-opus-4-high-reasoning,220,69.18181818181819
anthropic/claude-opus-4-high-reasoning,230,74.52173913043478
anthropic/claude-opus-4-high-reasoning,240,80.33333333333334
anthropic/claude-opus-4-high-reasoning,250,81.52000000000001
anthropic/claude-opus-4-high-reasoning,260,70.38461538461539
anthropic/claude-opus-4-high-reasoning,270,61.25925925925926
anthropic/claude-opus-4-high-reasoning,280,66.78571428571429
anthropic/claude-opus-4-high-reasoning,290,79.24137931034483
anthropic/claude-opus-4-high-reasoning,300,64.53333333333333
anthropic/claude-opus-4-high-reasoning,310,67.29032258064515
anthropic/claude-opus-4-high-reasoning,320,67.625
anthropic/claude-opus-4-high-reasoning,330,61.27272727272727
anthropic/claude-opus-4-high-reasoning,340,65.94117647058823
anthropic/claude-opus-4-high-reasoning,350,59.885714285714286
anthropic/claude-opus-4-high-reasoning,360,56.44444444444444
anthropic/claude-opus-4-high-reasoning,370,56.43243243243243
anthropic/claude-opus-4-high-reasoning,380,50.05263157894737
anthropic/claude-opus-4-high-reasoning,390,57.128205128205124
anthropic/claude-opus-4-high-reasoning,400,53.05
anthropic/claude-opus-4-high-reasoning,410,55.1219512195122
anthropic/claude-opus-4-high-reasoning,420,55.904761904761905
anthropic/claude-opus-4-high-reasoning,430,58.88372093023256
anthropic/claude-opus-4-high-reasoning,440,54.63636363636364
anthropic/claude-opus-4-high-reasoning,450,50.13333333333333
anthropic/claude-opus-4-high-reasoning,460,59.78260869565217
anthropic/claude-opus-4-high-reasoning,470,54.723404255319146
anthropic/claude-opus-4-high-reasoning,480,55.75
anthropic/claude-opus-4-high-reasoning,490,60.530612244897966
anthropic/claude-opus-4-high-reasoning,500,52.08
anthropic/claude-sonnet-4,10,100.0
anthropic/claude-sonnet-4,20,100.0
anthropic/claude-sonnet-4,30,100.0
anthropic/claude-sonnet-4,40,99.0
anthropic/claude-sonnet-4,50,98.0
anthropic/claude-sonnet-4,60,98.33333333333333
anthropic/claude-sonnet-4,70,98.0
anthropic/claude-sonnet-4,80,97.25
anthropic/claude-sonnet-4,90,94.66666666666666
anthropic/claude-sonnet-4,100,94.4
anthropic/claude-sonnet-4,110,93.27272727272728
anthropic/claude-sonnet-4,120,90.0
anthropic/claude-sonnet-4,130,90.92307692307693
anthropic/claude-sonnet-4,140,90.71428571428571
anthropic/claude-sonnet-4,150,90.0
anthropic/claude-sonnet-4,160,92.125
anthropic/claude-sonnet-4,170,88.82352941176471
anthropic/claude-sonnet-4,180,90.22222222222221
anthropic/claude-sonnet-4,190,78.84210526315789
anthropic/claude-sonnet-4,200,84.5
anthropic/claude-sonnet-4,210,78.57142857142858
anthropic/claude-sonnet-4,220,77.27272727272728
anthropic/claude-sonnet-4,230,78.52173913043478
anthropic/claude-sonnet-4,240,74.41666666666666
anthropic/claude-sonnet-4,250,77.2
anthropic/claude-sonnet-4,260,73.92307692307693
anthropic/claude-sonnet-4,270,78.44444444444446
anthropic/claude-sonnet-4,280,69.85714285714286
anthropic/claude-sonnet-4,290,65.51724137931035
anthropic/claude-sonnet-4,300,75.8
anthropic/claude-sonnet-4,310,71.09677419354838
anthropic/claude-sonnet-4,320,55.125
anthropic/claude-sonnet-4,330,54.84848484848485
anthropic/claude-sonnet-4,340,49.529411764705884
anthropic/claude-sonnet-4,350,53.828571428571436
anthropic/claude-sonnet-4,360,57.222222222222214
anthropic/claude-sonnet-4,370,54.97297297297297
anthropic/claude-sonnet-4,380,50.1578947368421
anthropic/claude-sonnet-4,390,46.35897435897436
anthropic/claude-sonnet-4,400,50.75
anthropic/claude-sonnet-4,410,47.853658536585364
anthropic/claude-sonnet-4,420,47.142857142857146
anthropic/claude-sonnet-4,430,50.97674418604652
anthropic/claude-sonnet-4,440,44.909090909090914
anthropic/claude-sonnet-4,450,44.0
anthropic/claude-sonnet-4,460,48.26086956521739
anthropic/claude-sonnet-4,470,44.255319148936174
anthropic/claude-sonnet-4,480,44.04166666666667
anthropic/claude-sonnet-4,490,46.244897959183675
anthropic/claude-sonnet-4,500,42.92
anthropic/claude-sonnet-4-high-reasoning,10,100.0
anthropic/claude-sonnet-4-high-reasoning,20,99.0
anthropic/claude-sonnet-4-high-reasoning,30,100.0
anthropic/claude-sonnet-4-high-reasoning,40,99.0
anthropic/claude-sonnet-4-high-reasoning,50,100.0
anthropic/claude-sonnet-4-high-reasoning,60,98.0
anthropic/claude-sonnet-4-high-reasoning,70,96.85714285714286
anthropic/claude-sonnet-4-high-reasoning,80,97.0
anthropic/claude-sonnet-4-high-reasoning,90,94.66666666666667
anthropic/claude-sonnet-4-high-reasoning,100,94.8
anthropic/claude-sonnet-4-high-reasoning,110,96.36363636363637
anthropic/claude-sonnet-4-high-reasoning,120,94.66666666666666
anthropic/claude-sonnet-4-high-reasoning,130,91.07692307692308
anthropic/claude-sonnet-4-high-reasoning,140,91.28571428571429
anthropic/claude-sonnet-4-high-reasoning,150,89.86666666666667
anthropic/claude-sonnet-4-high-reasoning,160,89.25
anthropic/claude-sonnet-4-high-reasoning,170,84.94117647058823
anthropic/claude-sonnet-4-high-reasoning,180,90.44444444444444
anthropic/claude-sonnet-4-high-reasoning,190,88.73684210526315
anthropic/claude-sonnet-4-high-reasoning,200,90.0
anthropic/claude-sonnet-4-high-reasoning,210,89.33333333333334
anthropic/claude-sonnet-4-high-reasoning,220,85.45454545454545
anthropic/claude-sonnet-4-high-reasoning,230,80.0
anthropic/claude-sonnet-4-high-reasoning,240,83.91666666666667
anthropic/claude-sonnet-4-high-reasoning,250,80.0
anthropic/claude-sonnet-4-high-reasoning,260,78.07692307692307
anthropic/claude-sonnet-4-high-reasoning,270,73.40740740740742
anthropic/claude-sonnet-4-high-reasoning,280,79.42857142857143
anthropic/claude-sonnet-4-high-reasoning,290,68.96551724137932
anthropic/claude-sonnet-4-high-reasoning,300,72.6
anthropic/claude-sonnet-4-high-reasoning,310,63.677419354838705
anthropic/claude-sonnet-4-high-reasoning,320,64.5625
anthropic/claude-sonnet-4-high-reasoning,330,69.45454545454545
anthropic/claude-sonnet-4-high-reasoning,340,64.23529411764706
anthropic/claude-sonnet-4-high-reasoning,350,72.5142857142857
anthropic/claude-sonnet-4-high-reasoning,360,57.55555555555556
anthropic/claude-sonnet-4-high-reasoning,370,65.24324324324326
anthropic/claude-sonnet-4-high-reasoning,380,59.473684210526315
anthropic/claude-sonnet-4-high-reasoning,390,61.17948717948718
anthropic/claude-sonnet-4-high-reasoning,400,52.4
anthropic/claude-sonnet-4-high-reasoning,410,60.6829268292683
anthropic/claude-sonnet-4-high-reasoning,420,59.857142857142854
anthropic/claude-sonnet-4-high-reasoning,430,52.27906976744187
anthropic/claude-sonnet-4-high-reasoning,440,50.13636363636364
anthropic/claude-sonnet-4-high-reasoning,450,54.22222222222223
anthropic/claude-sonnet-4-high-reasoning,460,60.0
anthropic/claude-sonnet-4-high-reasoning,470,48.25531914893617
anthropic/claude-sonnet-4-high-reasoning,480,44.875
anthropic/claude-sonnet-4-high-reasoning,490,52.36734693877552
anthropic/claude-sonnet-4-high-reasoning,500,39.879999999999995
deepseek/deepseek-r1-0528,10,98.0
deepseek/deepseek-r1-0528,20,100.0
deepseek/deepseek-r1-0528,30,98.0
deepseek/deepseek-r1-0528,40,98.0
deepseek/deepseek-r1-0528,50,94.8
deepseek/deepseek-r1-0528,60,93.0
deepseek/deepseek-r1-0528,70,92.85714285714286
deepseek/deepseek-r1-0528,80,93.0
deepseek/deepseek-r1-0528,90,86.0
deepseek/deepseek-r1-0528,100,86.8
deepseek/deepseek-r1-0528,110,88.9090909090909
deepseek/deepseek-r1-0528,120,81.16666666666666
deepseek/deepseek-r1-0528,130,77.38461538461539
deepseek/deepseek-r1-0528,140,78.0
deepseek/deepseek-r1-0528,150,66.66666666666667
deepseek/deepseek-r1-0528,160,56.0
deepseek/deepseek-r1-0528,170,72.58823529411765
deepseek/deepseek-r1-0528,180,64.0
deepseek/deepseek-r1-0528,190,57.578947368421055
deepseek/deepseek-r1-0528,200,55.3
deepseek/deepseek-r1-0528,210,63.42857142857142
deepseek/deepseek-r1-0528,220,54.090909090909086
deepseek/deepseek-r1-0528,230,56.26086956521739
deepseek/deepseek-r1-0528,240,51.25
deepseek/deepseek-r1-0528,250,49.120000000000005
deepseek/deepseek-r1-0528,260,47.07692307692308
deepseek/deepseek-r1-0528,270,41.70370370370371
deepseek/deepseek-r1-0528,280,44.5
deepseek/deepseek-r1-0528,290,43.44827586206897
deepseek/deepseek-r1-0528,300,42.06666666666667
deepseek/deepseek-r1-0528,310,41.41935483870968
deepseek/deepseek-r1-0528,320,42.8125
deepseek/deepseek-r1-0528,330,35.81818181818182
deepseek/deepseek-r1-0528,340,36.0
deepseek/deepseek-r1-0528,350,37.08571428571428
deepseek/deepseek-r1-0528,360,36.77777777777778
deepseek/deepseek-r1-0528,370,33.35135135135135
deepseek/deepseek-r1-0528,380,33.10526315789474
deepseek/deepseek-r1-0528,390,31.589743589743584
deepseek/deepseek-r1-0528,400,33.8
deepseek/deepseek-r1-0528,410,33.1219512195122
deepseek/deepseek-r1-0528,420,29.904761904761905
deepseek/deepseek-r1-0528,430,32.51162790697674
deepseek/deepseek-r1-0528,440,28.81818181818182
deepseek/deepseek-r1-0528,450,31.644444444444446
deepseek/deepseek-r1-0528,460,30.391304347826086
deepseek/deepseek-r1-0528,470,30.255319148936167
deepseek/deepseek-r1-0528,480,27.041666666666664
deepseek/deepseek-r1-0528,490,33.51020408163265
deepseek/deepseek-r1-0528,500,30.880000000000003
google/gemini-2.5-flash-preview-05-20,10,100.0
google/gemini-2.5-flash-preview-05-20,20,99.0
google/gemini-2.5-flash-preview-05-20,30,97.33333333333333
google/gemini-2.5-flash-preview-05-20,40,96.0
google/gemini-2.5-flash-preview-05-20,50,96.0
google/gemini-2.5-flash-preview-05-20,60,91.33333333333333
google/gemini-2.5-flash-preview-05-20,70,90.85714285714286
google/gemini-2.5-flash-preview-05-20,80,88.0
google/gemini-2.5-flash-preview-05-20,90,84.22222222222223
google/gemini-2.5-flash-preview-05-20,100,82.0
google/gemini-2.5-flash-preview-05-20,110,79.81818181818183
google/gemini-2.5-flash-preview-05-20,120,79.33333333333334
google/gemini-2.5-flash-preview-05-20,130,80.61538461538461
google/gemini-2.5-flash-preview-05-20,140,74.0
google/gemini-2.5-flash-preview-05-20,150,77.86666666666666
google/gemini-2.5-flash-preview-05-20,160,72.5
google/gemini-2.5-flash-preview-05-20,170,66.23529411764704
google/gemini-2.5-flash-preview-05-20,180,67.66666666666666
google/gemini-2.5-flash-preview-05-20,190,73.15789473684211
google/gemini-2.5-flash-preview-05-20,200,59.1
google/gemini-2.5-flash-preview-05-20,210,59.23809523809524
google/gemini-2.5-flash-preview-05-20,220,53.0
google/gemini-2.5-flash-preview-05-20,230,56.52173913043479
google/gemini-2.5-flash-preview-05-20,240,50.5
google/gemini-2.5-flash-preview-05-20,250,50.720000000000006
google/gemini-2.5-flash-preview-05-20,260,49.84615384615385
google/gemini-2.5-flash-preview-05-20,270,49.62962962962963
google/gemini-2.5-flash-preview-05-20,280,44.57142857142857
google/gemini-2.5-flash-preview-05-20,290,50.0
google/gemini-2.5-flash-preview-05-20,300,45.0
google/gemini-2.5-flash-preview-05-20,310,46.0
google/gemini-2.5-flash-preview-05-20,320,43.375
google/gemini-2.5-flash-preview-05-20,330,43.21212121212121
google/gemini-2.5-flash-preview-05-20,340,40.470588235294116
google/gemini-2.5-flash-preview-05-20,350,44.114285714285714
google/gemini-2.5-flash-preview-05-20,360,43.833333333333336
google/gemini-2.5-flash-preview-05-20,370,42.0
google/gemini-2.5-flash-preview-05-20,380,39.473684210526315
google/gemini-2.5-flash-preview-05-20,390,42.82051282051282
google/gemini-2.5-flash-preview-05-20,400,41.15
google/gemini-2.5-flash-preview-05-20,410,37.75609756097561
google/gemini-2.5-flash-preview-05-20,420,38.04761904761905
google/gemini-2.5-flash-preview-05-20,430,39.581395348837205
google/gemini-2.5-flash-preview-05-20,440,37.590909090909086
google/gemini-2.5-flash-preview-05-20,450,38.044444444444444
google/gemini-2.5-flash-preview-05-20,460,34.56521739130435
google/gemini-2.5-flash-preview-05-20,470,34.808510638297875
google/gemini-2.5-flash-preview-05-20,480,33.708333333333336
google/gemini-2.5-flash-preview-05-20,490,36.97959183673469
google/gemini-2.5-flash-preview-05-20,500,34.2
google/gemini-2.5-pro-preview,10,100.0
google/gemini-2.5-pro-preview,20,100.0
google/gemini-2.5-pro-preview,30,100.0
google/gemini-2.5-pro-preview,40,100.0
google/gemini-2.5-pro-preview,50,100.0
google/gemini-2.5-pro-preview,60,99.0
google/gemini-2.5-pro-preview,70,100.0
google/gemini-2.5-pro-preview,80,99.75
google/gemini-2.5-pro-preview,90,99.55555555555556
google/gemini-2.5-pro-preview,100,98.8
google/gemini-2.5-pro-preview,110,98.9090909090909
google/gemini-2.5-pro-preview,120,99.16666666666666
google/gemini-2.5-pro-preview,130,97.84615384615384
google/gemini-2.5-pro-preview,140,93.42857142857142
google/gemini-2.5-pro-preview,150,97.46666666666667
google/gemini-2.5-pro-preview,160,98.0
google/gemini-2.5-pro-preview,170,95.17647058823529
google/gemini-2.5-pro-preview,180,95.0
google/gemini-2.5-pro-preview,190,93.57894736842105
google/gemini-2.5-pro-preview,200,91.2
google/gemini-2.5-pro-preview,210,91.61904761904762
google/gemini-2.5-pro-preview,220,92.0
google/gemini-2.5-pro-preview,230,89.30434782608695
google/gemini-2.5-pro-preview,240,91.16666666666666
google/gemini-2.5-pro-preview,250,84.8
google/gemini-2.5-pro-preview,260,83.61538461538461
google/gemini-2.5-pro-preview,270,85.7037037037037
google/gemini-2.5-pro-preview,280,84.14285714285714
google/gemini-2.5-pro-preview,290,88.48275862068967
google/gemini-2.5-pro-preview,300,80.0
google/gemini-2.5-pro-preview,310,80.70967741935485
google/gemini-2.5-pro-preview,320,79.875
google/gemini-2.5-pro-preview,330,84.24242424242425
google/gemini-2.5-pro-preview,340,78.35294117647058
google/gemini-2.5-pro-preview,350,74.34285714285714
google/gemini-2.5-pro-preview,360,77.94444444444444
google/gemini-2.5-pro-preview,370,78.70270270270271
google/gemini-2.5-pro-preview,380,71.0
google/gemini-2.5-pro-preview,390,75.7948717948718
google/gemini-2.5-pro-preview,400,72.95
google/gemini-2.5-pro-preview,410,76.04878048780488
google/gemini-2.5-pro-preview,420,68.85714285714286
google/gemini-2.5-pro-preview,430,75.95348837209302
google/gemini-2.5-pro-preview,440,70.81818181818183
google/gemini-2.5-pro-preview,450,69.73333333333333
google/gemini-2.5-pro-preview,460,65.17391304347827
google/gemini-2.5-pro-preview,470,68.12765957446808
google/gemini-2.5-pro-preview,480,71.45833333333334
google/gemini-2.5-pro-preview,490,63.755102040816325
google/gemini-2.5-pro-preview,500,66.64
google/gemini-2.5-pro-preview-high-reasoning,10,100.0
google/gemini-2.5-pro-preview-high-reasoning,20,100.0
google/gemini-2.5-pro-preview-high-reasoning,30,100.0
google/gemini-2.5-pro-preview-high-reasoning,40,100.0
google/gemini-2.5-pro-preview-high-reasoning,50,99.6
google/gemini-2.5-pro-preview-high-reasoning,60,99.66666666666666
google/gemini-2.5-pro-preview-high-reasoning,70,99.71428571428571
google/gemini-2.5-pro-preview-high-reasoning,80,100.0
google/gemini-2.5-pro-preview-high-reasoning,90,100.0
google/gemini-2.5-pro-preview-high-reasoning,100,98.4
google/gemini-2.5-pro-preview-high-reasoning,110,98.9090909090909
google/gemini-2.5-pro-preview-high-reasoning,120,96.0
google/gemini-2.5-pro-preview-high-reasoning,130,99.23076923076924
google/gemini-2.5-pro-preview-high-reasoning,140,97.28571428571429
google/gemini-2.5-pro-preview-high-reasoning,150,98.26666666666668
google/gemini-2.5-pro-preview-high-reasoning,160,94.625
google/gemini-2.5-pro-preview-high-reasoning,170,94.82352941176471
google/gemini-2.5-pro-preview-high-reasoning,180,95.22222222222221
google/gemini-2.5-pro-preview-high-reasoning,190,95.36842105263159
google/gemini-2.5-pro-preview-high-reasoning,200,90.2
google/gemini-2.5-pro-preview-high-reasoning,210,94.28571428571429
google/gemini-2.5-pro-preview-high-reasoning,220,93.0
google/gemini-2.5-pro-preview-high-reasoning,230,89.56521739130434
google/gemini-2.5-pro-preview-high-reasoning,240,90.08333333333333
google/gemini-2.5-pro-preview-high-reasoning,250,84.8
google/gemini-2.5-pro-preview-high-reasoning,260,87.15384615384616
google/gemini-2.5-pro-preview-high-reasoning,270,80.88888888888889
google/gemini-2.5-pro-preview-high-reasoning,280,83.64285714285714
google/gemini-2.5-pro-preview-high-reasoning,290,75.72413793103449
google/gemini-2.5-pro-preview-high-reasoning,300,81.2
google/gemini-2.5-pro-preview-high-reasoning,310,81.74193548387096
google/gemini-2.5-pro-preview-high-reasoning,320,81.375
google/gemini-2.5-pro-preview-high-reasoning,330,83.21212121212122
google/gemini-2.5-pro-preview-high-reasoning,340,76.23529411764706
google/gemini-2.5-pro-preview-high-reasoning,350,82.57142857142858
google/gemini-2.5-pro-preview-high-reasoning,360,74.72222222222221
google/gemini-2.5-pro-preview-high-reasoning,370,73.08108108108108
google/gemini-2.5-pro-preview-high-reasoning,380,76.73684210526315
google/gemini-2.5-pro-preview-high-reasoning,390,72.05128205128206
google/gemini-2.5-pro-preview-high-reasoning,400,74.75
google/gemini-2.5-pro-preview-high-reasoning,410,73.65853658536585
google/gemini-2.5-pro-preview-high-reasoning,420,76.61904761904762
google/gemini-2.5-pro-preview-high-reasoning,430,71.3953488372093
google/gemini-2.5-pro-preview-high-reasoning,440,71.5909090909091
google/gemini-2.5-pro-preview-high-reasoning,450,70.57777777777778
google/gemini-2.5-pro-preview-high-reasoning,460,68.91304347826087
google/gemini-2.5-pro-preview-high-reasoning,470,76.38297872340425
google/gemini-2.5-pro-preview-high-reasoning,480,71.58333333333334
google/gemini-2.5-pro-preview-high-reasoning,490,71.22448979591836
google/gemini-2.5-pro-preview-high-reasoning,500,68.88
meta-llama/llama-4-maverick,10,100.0
meta-llama/llama-4-maverick,20,100.0
meta-llama/llama-4-maverick,30,97.33333333333334
meta-llama/llama-4-maverick,40,87.5
meta-llama/llama-4-maverick,50,76.4
meta-llama/llama-4-maverick,60,58.0
meta-llama/llama-4-maverick,70,60.57142857142857
meta-llama/llama-4-maverick,80,52.0
meta-llama/llama-4-maverick,90,35.77777777777778
meta-llama/llama-4-maverick,100,50.4
meta-llama/llama-4-maverick,110,32.72727272727273
meta-llama/llama-4-maverick,120,54.666666666666664
meta-llama/llama-4-maverick,130,27.384615384615387
meta-llama/llama-4-maverick,140,43.0
meta-llama/llama-4-maverick,150,41.733333333333334
meta-llama/llama-4-maverick,160,52.375
meta-llama/llama-4-maverick,170,37.294117647058826
meta-llama/llama-4-maverick,180,53.55555555555556
meta-llama/llama-4-maverick,190,68.84210526315789
meta-llama/llama-4-maverick,200,35.3
meta-llama/llama-4-maverick,210,34.57142857142857
meta-llama/llama-4-maverick,220,50.0
meta-llama/llama-4-maverick,230,82.26086956521739
meta-llama/llama-4-maverick,240,16.0
meta-llama/llama-4-maverick,250,34.8
meta-llama/llama-4-maverick,260,64.23076923076923
meta-llama/llama-4-maverick,270,32.592592592592595
meta-llama/llama-4-maverick,280,16.428571428571427
meta-llama/llama-4-maverick,290,66.20689655172414
meta-llama/llama-4-maverick,300,29.333333333333332
meta-llama/llama-4-maverick,310,48.96774193548387
meta-llama/llama-4-maverick,320,13.4375
meta-llama/llama-4-maverick,330,61.15151515151515
meta-llama/llama-4-maverick,340,49.23529411764706
meta-llama/llama-4-maverick,350,36.22857142857143
meta-llama/llama-4-maverick,360,47.888888888888886
meta-llama/llama-4-maverick,370,29.189189189189186
meta-llama/llama-4-maverick,380,28.89473684210526
meta-llama/llama-4-maverick,390,11.538461538461538
meta-llama/llama-4-maverick,400,28.05
meta-llama/llama-4-maverick,410,29.5609756097561
meta-llama/llama-4-maverick,420,10.333333333333332
meta-llama/llama-4-maverick,430,29.395348837209305
meta-llama/llama-4-maverick,440,12.0
meta-llama/llama-4-maverick,450,11.511111111111111
meta-llama/llama-4-maverick,460,45.26086956521739
meta-llama/llama-4-maverick,470,29.48936170212766
meta-llama/llama-4-maverick,480,11.208333333333334
meta-llama/llama-4-maverick,490,10.448979591836736
meta-llama/llama-4-maverick,500,27.68
meta-llama/llama-4-scout,10,100.0
meta-llama/llama-4-scout,20,97.0
meta-llama/llama-4-scout,30,93.33333333333334
meta-llama/llama-4-scout,40,76.0
meta-llama/llama-4-scout,50,54.4
meta-llama/llama-4-scout,60,42.66666666666667
meta-llama/llama-4-scout,70,41.142857142857146
meta-llama/llama-4-scout,80,33.5
meta-llama/llama-4-scout,90,29.555555555555554
meta-llama/llama-4-scout,100,27.2
meta-llama/llama-4-scout,110,21.272727272727273
meta-llama/llama-4-scout,120,26.0
meta-llama/llama-4-scout,130,17.846153846153847
meta-llama/llama-4-scout,140,22.857142857142858
meta-llama/llama-4-scout,150,22.133333333333333
meta-llama/llama-4-scout,160,14.625
meta-llama/llama-4-scout,170,11.294117647058824
meta-llama/llama-4-scout,180,13.0
meta-llama/llama-4-scout,190,17.473684210526315
meta-llama/llama-4-scout,200,12.6
meta-llama/llama-4-scout,210,13.047619047619047
meta-llama/llama-4-scout,220,12.181818181818182
meta-llama/llama-4-scout,230,11.565217391304348
meta-llama/llama-4-scout,240,10.75
meta-llama/llama-4-scout,250,9.28
meta-llama/llama-4-scout,260,9.23076923076923
meta-llama/llama-4-scout,270,11.333333333333334
meta-llama/llama-4-scout,280,9.071428571428571
meta-llama/llama-4-scout,290,9.793103448275861
meta-llama/llama-4-scout,300,8.933333333333334
meta-llama/llama-4-scout,310,8.451612903225806
meta-llama/llama-4-scout,320,9.8125
meta-llama/llama-4-scout,330,8.424242424242424
meta-llama/llama-4-scout,340,7.764705882352942
meta-llama/llama-4-scout,350,7.657142857142857
meta-llama/llama-4-scout,360,7.222222222222221
meta-llama/llama-4-scout,370,7.621621621621623
meta-llama/llama-4-scout,380,6.842105263157895
meta-llama/llama-4-scout,390,27.333333333333332
meta-llama/llama-4-scout,400,6.35
meta-llama/llama-4-scout,410,8.878048780487806
meta-llama/llama-4-scout,420,8.333333333333332
meta-llama/llama-4-scout,430,6.976744186046512
meta-llama/llama-4-scout,440,8.318181818181817
meta-llama/llama-4-scout,450,6.311111111111112
meta-llama/llama-4-scout,460,8.043478260869566
meta-llama/llama-4-scout,470,6.297872340425532
meta-llama/llama-4-scout,480,6.333333333333334
meta-llama/llama-4-scout,490,5.795918367346938
meta-llama/llama-4-scout,500,6.720000000000001
openai/gpt-4.1,10,98.0
openai/gpt-4.1,20,99.0
openai/gpt-4.1,30,99.33333333333334
openai/gpt-4.1,40,99.5
openai/gpt-4.1,50,98.8
openai/gpt-4.1,60,97.66666666666666
openai/gpt-4.1,70,94.0
openai/gpt-4.1,80,94.75
openai/gpt-4.1,90,94.66666666666667
openai/gpt-4.1,100,95.4
openai/gpt-4.1,110,93.63636363636364
openai/gpt-4.1,120,90.83333333333333
openai/gpt-4.1,130,90.15384615384616
openai/gpt-4.1,140,87.57142857142858
openai/gpt-4.1,150,86.93333333333334
openai/gpt-4.1,160,87.0
openai/gpt-4.1,170,84.47058823529412
openai/gpt-4.1,180,83.88888888888889
openai/gpt-4.1,190,83.05263157894737
openai/gpt-4.1,200,79.7
openai/gpt-4.1,210,78.0952380952381
openai/gpt-4.1,220,76.45454545454545
openai/gpt-4.1,230,76.69565217391305
openai/gpt-4.1,240,73.08333333333334
openai/gpt-4.1,250,74.0
openai/gpt-4.1,260,68.76923076923076
openai/gpt-4.1,270,71.40740740740742
openai/gpt-4.1,280,67.14285714285714
openai/gpt-4.1,290,66.89655172413794
openai/gpt-4.1,300,66.53333333333333
openai/gpt-4.1,310,63.225806451612904
openai/gpt-4.1,320,62.5625
openai/gpt-4.1,330,61.27272727272727
openai/gpt-4.1,340,54.82352941176471
openai/gpt-4.1,350,61.828571428571436
openai/gpt-4.1,360,56.333333333333336
openai/gpt-4.1,370,59.351351351351354
openai/gpt-4.1,380,56.789473684210535
openai/gpt-4.1,390,58.92307692307693
openai/gpt-4.1,400,52.7
openai/gpt-4.1,410,51.80487804878048
openai/gpt-4.1,420,49.904761904761905
openai/gpt-4.1,430,48.79069767441861
openai/gpt-4.1,440,48.18181818181819
openai/gpt-4.1,450,46.577777777777776
openai/gpt-4.1,460,50.78260869565217
openai/gpt-4.1,470,46.59574468085106
openai/gpt-4.1,480,42.83333333333333
openai/gpt-4.1,490,45.51020408163265
openai/gpt-4.1,500,48.92
openai/gpt-4.1-mini,10,100.0
openai/gpt-4.1-mini,20,99.0
openai/gpt-4.1-mini,30,97.33333333333334
openai/gpt-4.1-mini,40,92.0
openai/gpt-4.1-mini,50,93.2
openai/gpt-4.1-mini,60,92.66666666666666
openai/gpt-4.1-mini,70,88.28571428571429
openai/gpt-4.1-mini,80,85.25
openai/gpt-4.1-mini,90,84.88888888888889
openai/gpt-4.1-mini,100,80.0
openai/gpt-4.1-mini,110,78.18181818181819
openai/gpt-4.1-mini,120,77.83333333333333
openai/gpt-4.1-mini,130,75.23076923076924
openai/gpt-4.1-mini,140,70.0
openai/gpt-4.1-mini,150,61.6
openai/gpt-4.1-mini,160,61.25
openai/gpt-4.1-mini,170,59.294117647058826
openai/gpt-4.1-mini,180,56.777777777777786
openai/gpt-4.1-mini,190,53.684210526315795
openai/gpt-4.1-mini,200,52.2
openai/gpt-4.1-mini,210,47.904761904761905
openai/gpt-4.1-mini,220,48.0
openai/gpt-4.1-mini,230,46.95652173913043
openai/gpt-4.1-mini,240,44.16666666666667
openai/gpt-4.1-mini,250,44.48
openai/gpt-4.1-mini,260,43.07692307692308
openai/gpt-4.1-mini,270,43.33333333333333
openai/gpt-4.1-mini,280,41.07142857142857
openai/gpt-4.1-mini,290,40.41379310344828
openai/gpt-4.1-mini,300,37.13333333333333
openai/gpt-4.1-mini,310,37.483870967741936
openai/gpt-4.1-mini,320,35.375
openai/gpt-4.1-mini,330,34.303030303030305
openai/gpt-4.1-mini,340,34.0
openai/gpt-4.1-mini,350,33.94285714285714
openai/gpt-4.1-mini,360,32.27777777777778
openai/gpt-4.1-mini,370,33.51351351351351
openai/gpt-4.1-mini,380,32.89473684210527
openai/gpt-4.1-mini,390,33.38461538461538
openai/gpt-4.1-mini,400,31.95
openai/gpt-4.1-mini,410,30.82926829268293
openai/gpt-4.1-mini,420,31.142857142857146
openai/gpt-4.1-mini,430,32.325581395348834
openai/gpt-4.1-mini,440,29.0
openai/gpt-4.1-mini,450,30.8
openai/gpt-4.1-mini,460,26.52173913043478
openai/gpt-4.1-mini,470,27.829787234042556
openai/gpt-4.1-mini,480,28.166666666666668
openai/gpt-4.1-mini,490,28.53061224489796
openai/gpt-4.1-mini,500,27.160000000000004
openai/gpt-4.1-nano,10,94.0
openai/gpt-4.1-nano,20,86.0
openai/gpt-4.1-nano,30,83.33333333333334
openai/gpt-4.1-nano,40,75.0
openai/gpt-4.1-nano,50,72.8
openai/gpt-4.1-nano,60,68.0
openai/gpt-4.1-nano,70,68.57142857142857
openai/gpt-4.1-nano,80,58.0
openai/gpt-4.1-nano,90,55.777777777777786
openai/gpt-4.1-nano,100,51.6
openai/gpt-4.1-nano,110,52.72727272727273
openai/gpt-4.1-nano,120,44.5
openai/gpt-4.1-nano,130,45.38461538461539
openai/gpt-4.1-nano,140,40.57142857142857
openai/gpt-4.1-nano,150,42.13333333333334
openai/gpt-4.1-nano,160,42.5
openai/gpt-4.1-nano,170,34.588235294117645
openai/gpt-4.1-nano,180,33.88888888888889
openai/gpt-4.1-nano,190,31.57894736842105
openai/gpt-4.1-nano,200,29.8
openai/gpt-4.1-nano,210,33.61904761904762
openai/gpt-4.1-nano,220,31.181818181818187
openai/gpt-4.1-nano,230,25.043478260869566
openai/gpt-4.1-nano,240,28.666666666666664
openai/gpt-4.1-nano,250,25.68
openai/gpt-4.1-nano,260,26.615384615384613
openai/gpt-4.1-nano,270,25.62962962962963
openai/gpt-4.1-nano,280,27.5
openai/gpt-4.1-nano,290,24.89655172413793
openai/gpt-4.1-nano,300,23.4
openai/gpt-4.1-nano,310,24.0
openai/gpt-4.1-nano,320,23.0625
openai/gpt-4.1-nano,330,23.272727272727273
openai/gpt-4.1-nano,340,24.23529411764706
openai/gpt-4.1-nano,350,20.742857142857144
openai/gpt-4.1-nano,360,18.833333333333332
openai/gpt-4.1-nano,370,21.18918918918919
openai/gpt-4.1-nano,380,20.57894736842105
openai/gpt-4.1-nano,390,19.846153846153847
openai/gpt-4.1-nano,400,19.25
openai/gpt-4.1-nano,410,17.024390243902438
openai/gpt-4.1-nano,420,19.904761904761905
openai/gpt-4.1-nano,430,20.046511627906977
openai/gpt-4.1-nano,440,20.136363636363637
openai/gpt-4.1-nano,450,18.622222222222224
openai/gpt-4.1-nano,460,17.956521739130437
openai/gpt-4.1-nano,470,34.255319148936174
openai/gpt-4.1-nano,480,15.708333333333332
openai/gpt-4.1-nano,490,17.714285714285715
openai/gpt-4.1-nano,500,16.240000000000002
openai/gpt-4.5-preview,10,100.0
openai/gpt-4.5-preview,20,100.0
openai/gpt-4.5-preview,30,98.0
openai/gpt-4.5-preview,40,99.0
openai/gpt-4.5-preview,50,93.6
openai/gpt-4.5-preview,60,94.33333333333333
openai/gpt-4.5-preview,70,92.57142857142857
openai/gpt-4.5-preview,80,91.25
openai/gpt-4.5-preview,90,91.33333333333333
openai/gpt-4.5-preview,100,90.8
openai/gpt-4.5-preview,110,89.27272727272728
openai/gpt-4.5-preview,120,85.83333333333333
openai/gpt-4.5-preview,130,80.92307692307693
openai/gpt-4.5-preview,140,80.14285714285714
openai/gpt-4.5-preview,150,80.0
openai/gpt-4.5-preview,160,77.75
openai/gpt-4.5-preview,170,74.70588235294117
openai/gpt-4.5-preview,180,72.33333333333334
openai/gpt-4.5-preview,190,72.42105263157895
openai/gpt-4.5-preview,200,72.3
openai/gpt-4.5-preview,210,66.95238095238095
openai/gpt-4.5-preview,220,68.27272727272728
openai/gpt-4.5-preview,230,64.34782608695653
openai/gpt-4.5-preview,240,61.5
openai/gpt-4.5-preview,250,65.03999999999999
openai/gpt-4.5-preview,260,60.38461538461538
openai/gpt-4.5-preview,270,56.88888888888889
openai/gpt-4.5-preview,280,55.71428571428571
openai/gpt-4.5-preview,290,56.62068965517242
openai/gpt-4.5-preview,300,54.46666666666666
openai/gpt-4.5-preview,310,55.61290322580645
openai/gpt-4.5-preview,320,53.5
openai/gpt-4.5-preview,330,49.87878787878788
openai/gpt-4.5-preview,340,54.882352941176464
openai/gpt-4.5-preview,350,53.08571428571429
openai/gpt-4.5-preview,360,49.666666666666664
openai/gpt-4.5-preview,370,45.13513513513514
openai/gpt-4.5-preview,380,45.315789473684205
openai/gpt-4.5-preview,390,47.48717948717949
openai/gpt-4.5-preview,400,45.1
openai/gpt-4.5-preview,410,45.80487804878049
openai/gpt-4.5-preview,420,45.04761904761905
openai/gpt-4.5-preview,430,42.325581395348834
openai/gpt-4.5-preview,440,44.04545454545455
openai/gpt-4.5-preview,450,41.77777777777778
openai/gpt-4.5-preview,460,41.826086956521735
openai/gpt-4.5-preview,470,40.51063829787234
openai/gpt-4.5-preview,480,39.75
openai/gpt-4.5-preview,490,39.95918367346938
openai/gpt-4.5-preview,500,43.04
openai/gpt-4o,10,94.0
openai/gpt-4o,20,89.0
openai/gpt-4o,30,91.33333333333334
openai/gpt-4o,40,81.0
openai/gpt-4o,50,82.8
openai/gpt-4o,60,75.66666666666666
openai/gpt-4o,70,67.42857142857142
openai/gpt-4o,80,61.0
openai/gpt-4o,90,56.0
openai/gpt-4o,100,49.0
openai/gpt-4o,110,47.63636363636364
openai/gpt-4o,120,43.66666666666667
openai/gpt-4o,130,42.0
openai/gpt-4o,140,39.71428571428571
openai/gpt-4o,150,37.733333333333334
openai/gpt-4o,160,35.75
openai/gpt-4o,170,30.0
openai/gpt-4o,180,30.0
openai/gpt-4o,190,27.57894736842105
openai/gpt-4o,200,31.0
openai/gpt-4o,210,25.047619047619047
openai/gpt-4o,220,27.45454545454545
openai/gpt-4o,230,26.347826086956523
openai/gpt-4o,240,24.25
openai/gpt-4o,250,22.240000000000002
openai/gpt-4o,260,22.769230769230766
openai/gpt-4o,270,22.518518518518515
openai/gpt-4o,280,21.571428571428573
openai/gpt-4o,290,20.96551724137931
openai/gpt-4o,300,19.6
openai/gpt-4o,310,17.096774193548388
openai/gpt-4o,320,21.5
openai/gpt-4o,330,18.0
openai/gpt-4o,340,17.411764705882355
openai/gpt-4o,350,15.2
openai/gpt-4o,360,17.11111111111111
openai/gpt-4o,370,15.35135135135135
openai/gpt-4o,380,15.842105263157896
openai/gpt-4o,390,16.256410256410255
openai/gpt-4o,400,15.85
openai/gpt-4o,410,14.926829268292682
openai/gpt-4o,420,15.142857142857144
openai/gpt-4o,430,15.348837209302326
openai/gpt-4o,440,16.18181818181818
openai/gpt-4o,450,14.8
openai/gpt-4o,460,14.478260869565219
openai/gpt-4o,470,15.404255319148936
openai/gpt-4o,480,13.875
openai/gpt-4o,490,14.285714285714286
openai/gpt-4o,500,15.36
openai/gpt-4o-mini,10,94.0
openai/gpt-4o-mini,20,79.0
openai/gpt-4o-mini,30,76.0
openai/gpt-4o-mini,40,68.5
openai/gpt-4o-mini,50,65.6
openai/gpt-4o-mini,60,61.0
openai/gpt-4o-mini,70,53.42857142857142
openai/gpt-4o-mini,80,47.0
openai/gpt-4o-mini,90,45.11111111111111
openai/gpt-4o-mini,100,41.8
openai/gpt-4o-mini,110,40.36363636363636
openai/gpt-4o-mini,120,37.0
openai/gpt-4o-mini,130,33.07692307692308
openai/gpt-4o-mini,140,30.714285714285715
openai/gpt-4o-mini,150,29.06666666666667
openai/gpt-4o-mini,160,26.875
openai/gpt-4o-mini,170,28.0
openai/gpt-4o-mini,180,23.666666666666668
openai/gpt-4o-mini,190,22.0
openai/gpt-4o-mini,200,21.6
openai/gpt-4o-mini,210,19.333333333333336
openai/gpt-4o-mini,220,21.545454545454543
openai/gpt-4o-mini,230,20.0
openai/gpt-4o-mini,240,19.583333333333332
openai/gpt-4o-mini,250,18.32
openai/gpt-4o-mini,260,17.384615384615387
openai/gpt-4o-mini,270,17.851851851851855
openai/gpt-4o-mini,280,16.214285714285715
openai/gpt-4o-mini,290,16.89655172413793
openai/gpt-4o-mini,300,16.6
openai/gpt-4o-mini,310,14.64516129032258
openai/gpt-4o-mini,320,15.625
openai/gpt-4o-mini,330,13.393939393939394
openai/gpt-4o-mini,340,15.88235294117647
openai/gpt-4o-mini,350,13.542857142857144
openai/gpt-4o-mini,360,16.0
openai/gpt-4o-mini,370,13.513513513513516
openai/gpt-4o-mini,380,13.210526315789474
openai/gpt-4o-mini,390,13.64102564102564
openai/gpt-4o-mini,400,14.4
openai/gpt-4o-mini,410,13.75609756097561
openai/gpt-4o-mini,420,12.19047619047619
openai/gpt-4o-mini,430,13.162790697674419
openai/gpt-4o-mini,440,12.318181818181818
openai/gpt-4o-mini,450,11.555555555555555
openai/gpt-4o-mini,460,12.08695652173913
openai/gpt-4o-mini,470,11.914893617021276
openai/gpt-4o-mini,480,11.625
openai/gpt-4o-mini,490,11.959183673469386
openai/gpt-4o-mini,500,10.440000000000001
openai/o3,10,98.0
openai/o3,20,100.0
openai/o3,30,98.66666666666667
openai/o3,40,100.0
openai/o3,50,99.2
openai/o3,60,98.33333333333333
openai/o3,70,98.28571428571429
openai/o3,80,99.25
openai/o3,90,97.77777777777779
openai/o3,100,98.4
openai/o3,110,98.36363636363636
openai/o3,120,98.33333333333334
openai/o3,130,98.15384615384616
openai/o3,140,95.42857142857143
openai/o3,150,97.6
openai/o3,160,93.875
openai/o3,170,93.05882352941177
openai/o3,180,92.77777777777779
openai/o3,190,96.3157894736842
openai/o3,200,90.4
openai/o3,210,92.0
openai/o3,220,93.0
openai/o3,230,91.82608695652173
openai/o3,240,91.25
openai/o3,250,91.76
openai/o3,260,83.23076923076924
openai/o3,270,88.44444444444444
openai/o3,280,91.85714285714286
openai/o3,290,86.41379310344828
openai/o3,300,81.66666666666667
openai/o3,310,73.09677419354838
openai/o3,320,77.3125
openai/o3,330,76.48484848484848
openai/o3,340,77.94117647058823
openai/o3,350,75.94285714285715
openai/o3,360,70.72222222222221
openai/o3,370,71.29729729729729
openai/o3,380,66.89473684210526
openai/o3,390,65.43589743589743
openai/o3,400,61.95
openai/o3,410,68.24390243902438
openai/o3,420,70.85714285714286
openai/o3,430,51.16279069767442
openai/o3,440,53.090909090909086
openai/o3,450,72.66666666666667
openai/o3,460,70.34782608695653
openai/o3,470,40.5531914893617
openai/o3,480,39.54166666666667
openai/o3,490,43.51020408163266
openai/o3,500,51.56
openai/o3-high-reasoning,10,100.0
openai/o3-high-reasoning,20,100.0
openai/o3-high-reasoning,30,99.33333333333334
openai/o3-high-reasoning,40,99.5
openai/o3-high-reasoning,50,99.6
openai/o3-high-reasoning,60,99.66666666666666
openai/o3-high-reasoning,70,99.71428571428571
openai/o3-high-reasoning,80,99.75
openai/o3-high-reasoning,90,99.77777777777779
openai/o3-high-reasoning,100,98.2
openai/o3-high-reasoning,110,98.54545454545455
openai/o3-high-reasoning,120,98.66666666666667
openai/o3-high-reasoning,130,98.0
openai/o3-high-reasoning,140,98.71428571428571
openai/o3-high-reasoning,150,98.93333333333334
openai/o3-high-reasoning,160,97.5
openai/o3-high-reasoning,170,97.88235294117646
openai/o3-high-reasoning,180,98.88888888888889
openai/o3-high-reasoning,190,97.78947368421052
openai/o3-high-reasoning,200,93.9
openai/o3-high-reasoning,210,97.23809523809524
openai/o3-high-reasoning,220,95.18181818181817
openai/o3-high-reasoning,230,92.26086956521739
openai/o3-high-reasoning,240,96.66666666666667
openai/o3-high-reasoning,250,97.84
openai/o3-high-reasoning,260,97.15384615384615
openai/o3-high-reasoning,270,94.37037037037037
openai/o3-high-reasoning,280,91.14285714285714
openai/o3-high-reasoning,290,91.86206896551724
openai/o3-high-reasoning,300,83.26666666666667
openai/o3-high-reasoning,310,92.96774193548387
openai/o3-high-reasoning,320,85.625
openai/o3-high-reasoning,330,89.54545454545455
openai/o3-high-reasoning,340,91.52941176470588
openai/o3-high-reasoning,350,82.45714285714286
openai/o3-high-reasoning,360,90.16666666666667
openai/o3-high-reasoning,370,87.94594594594595
openai/o3-high-reasoning,380,89.05263157894737
openai/o3-high-reasoning,390,78.78205128205127
openai/o3-high-reasoning,400,80.4375
openai/o3-high-reasoning,410,80.82926829268294
openai/o3-high-reasoning,420,80.14285714285714
openai/o3-high-reasoning,430,71.90697674418604
openai/o3-high-reasoning,440,73.77272727272728
openai/o3-high-reasoning,450,69.55555555555556
openai/o3-high-reasoning,460,40.869565217391305
openai/o3-high-reasoning,470,73.82978723404256
openai/o3-high-reasoning,480,50.052083333333336
openai/o3-high-reasoning,490,72.85714285714286
openai/o3-high-reasoning,500,62.75
openai/o4-mini,10,100.0
openai/o4-mini,20,100.0
openai/o4-mini,30,100.0
openai/o4-mini,40,99.5
openai/o4-mini,50,99.6
openai/o4-mini,60,99.66666666666666
openai/o4-mini,70,99.71428571428571
openai/o4-mini,80,99.0
openai/o4-mini,90,98.66666666666666
openai/o4-mini,100,97.8
openai/o4-mini,110,96.9090909090909
openai/o4-mini,120,94.83333333333334
openai/o4-mini,130,97.07692307692307
openai/o4-mini,140,96.85714285714286
openai/o4-mini,150,92.53333333333333
openai/o4-mini,160,96.5
openai/o4-mini,170,93.52941176470588
openai/o4-mini,180,90.44444444444444
openai/o4-mini,190,92.94736842105263
openai/o4-mini,200,85.0
openai/o4-mini,210,88.76190476190476
openai/o4-mini,220,97.9090909090909
openai/o4-mini,230,85.56521739130434
openai/o4-mini,240,94.83333333333333
openai/o4-mini,250,86.8
openai/o4-mini,260,79.61538461538461
openai/o4-mini,270,68.29629629629629
openai/o4-mini,280,87.42857142857142
openai/o4-mini,290,82.13793103448276
openai/o4-mini,300,75.2
openai/o4-mini,310,78.70967741935485
openai/o4-mini,320,67.0625
openai/o4-mini,330,70.6060606060606
openai/o4-mini,340,62.0
openai/o4-mini,350,70.05714285714285
openai/o4-mini,360,59.222222222222214
openai/o4-mini,370,52.54054054054054
openai/o4-mini,380,44.05263157894736
openai/o4-mini,390,55.333333333333336
openai/o4-mini,400,55.8
openai/o4-mini,410,56.78048780487804
openai/o4-mini,420,48.714285714285715
openai/o4-mini,430,58.93023255813953
openai/o4-mini,440,62.68181818181817
openai/o4-mini,450,51.24444444444445
openai/o4-mini,460,39.78260869565217
openai/o4-mini,470,42.297872340425535
openai/o4-mini,480,36.708333333333336
openai/o4-mini,490,29.428571428571427
openai/o4-mini,500,34.44
qwen/qwen3-235b-a22b,10,100.0
qwen/qwen3-235b-a22b,20,99.0
qwen/qwen3-235b-a22b,30,94.0
qwen/qwen3-235b-a22b,40,91.5
qwen/qwen3-235b-a22b,50,92.8
qwen/qwen3-235b-a22b,60,86.66666666666666
qwen/qwen3-235b-a22b,70,87.71428571428571
qwen/qwen3-235b-a22b,80,79.5
qwen/qwen3-235b-a22b,90,78.0
qwen/qwen3-235b-a22b,100,77.6
qwen/qwen3-235b-a22b,110,74.18181818181819
qwen/qwen3-235b-a22b,120,75.66666666666666
qwen/qwen3-235b-a22b,130,68.92307692307693
qwen/qwen3-235b-a22b,140,58.28571428571429
qwen/qwen3-235b-a22b,150,63.733333333333334
qwen/qwen3-235b-a22b,160,52.625
qwen/qwen3-235b-a22b,170,54.35294117647059
qwen/qwen3-235b-a22b,180,50.333333333333336
qwen/qwen3-235b-a22b,190,47.05263157894736
qwen/qwen3-235b-a22b,200,48.4
qwen/qwen3-235b-a22b,210,47.04761904761905
qwen/qwen3-235b-a22b,220,41.90909090909091
qwen/qwen3-235b-a22b,230,46.26086956521739
qwen/qwen3-235b-a22b,240,38.416666666666664
qwen/qwen3-235b-a22b,250,36.4
qwen/qwen3-235b-a22b,260,35.15384615384615
qwen/qwen3-235b-a22b,270,36.66666666666667
qwen/qwen3-235b-a22b,280,39.42857142857143
qwen/qwen3-235b-a22b,290,36.689655172413794
qwen/qwen3-235b-a22b,300,29.133333333333333
qwen/qwen3-235b-a22b,310,30.064516129032256
qwen/qwen3-235b-a22b,320,34.75
qwen/qwen3-235b-a22b,330,32.3030303030303
qwen/qwen3-235b-a22b,340,25.0
qwen/qwen3-235b-a22b,350,33.371428571428574
qwen/qwen3-235b-a22b,360,26.888888888888893
qwen/qwen3-235b-a22b,370,27.027027027027025
qwen/qwen3-235b-a22b,380,27.157894736842103
qwen/qwen3-235b-a22b,390,41.794871794871796
qwen/qwen3-235b-a22b,400,26.9
qwen/qwen3-235b-a22b,410,27.51219512195122
qwen/qwen3-235b-a22b,420,29.333333333333332
qwen/qwen3-235b-a22b,430,26.604651162790695
qwen/qwen3-235b-a22b,440,22.454545454545457
qwen/qwen3-235b-a22b,450,24.622222222222224
qwen/qwen3-235b-a22b,460,20.782608695652176
qwen/qwen3-235b-a22b,470,23.319148936170212
qwen/qwen3-235b-a22b,480,23.625
qwen/qwen3-235b-a22b,490,22.040816326530614
qwen/qwen3-235b-a22b,500,20.919999999999998
x-ai/grok-3-beta,10,100.0
x-ai/grok-3-beta,20,100.0
x-ai/grok-3-beta,30,100.0
x-ai/grok-3-beta,40,100.0
x-ai/grok-3-beta,50,100.0
x-ai/grok-3-beta,60,99.66666666666666
x-ai/grok-3-beta,70,99.71428571428571
x-ai/grok-3-beta,80,99.25
x-ai/grok-3-beta,90,98.66666666666666
x-ai/grok-3-beta,100,98.8
x-ai/grok-3-beta,110,97.27272727272728
x-ai/grok-3-beta,120,97.66666666666667
x-ai/grok-3-beta,130,96.76923076923077
x-ai/grok-3-beta,140,95.28571428571429
x-ai/grok-3-beta,150,96.8
x-ai/grok-3-beta,160,94.125
x-ai/grok-3-beta,170,94.70588235294117
x-ai/grok-3-beta,180,91.11111111111111
x-ai/grok-3-beta,190,91.6842105263158
x-ai/grok-3-beta,200,89.5
x-ai/grok-3-beta,210,86.95238095238095
x-ai/grok-3-beta,220,85.36363636363636
x-ai/grok-3-beta,230,81.65217391304347
x-ai/grok-3-beta,240,85.5
x-ai/grok-3-beta,250,86.16
x-ai/grok-3-beta,260,81.92307692307693
x-ai/grok-3-beta,270,80.44444444444443
x-ai/grok-3-beta,280,80.07142857142858
x-ai/grok-3-beta,290,75.58620689655172
x-ai/grok-3-beta,300,78.93333333333332
x-ai/grok-3-beta,310,75.93548387096774
x-ai/grok-3-beta,320,79.625
x-ai/grok-3-beta,330,75.87878787878788
x-ai/grok-3-beta,340,77.0
x-ai/grok-3-beta,350,73.54285714285713
x-ai/grok-3-beta,360,70.38888888888889
x-ai/grok-3-beta,370,68.97297297297297
x-ai/grok-3-beta,380,64.3157894736842
x-ai/grok-3-beta,390,70.71794871794872
x-ai/grok-3-beta,400,67.35
x-ai/grok-3-beta,410,68.09756097560975
x-ai/grok-3-beta,420,70.52380952380953
x-ai/grok-3-beta,430,68.13953488372093
x-ai/grok-3-beta,440,64.68181818181819
x-ai/grok-3-beta,450,68.57777777777778
x-ai/grok-3-beta,460,67.04347826086956
x-ai/grok-3-beta,470,65.36170212765958
x-ai/grok-3-beta,480,63.833333333333336
x-ai/grok-3-beta,490,61.59183673469388
x-ai/grok-3-beta,500,61.879999999999995
x-ai/grok-3-mini-beta,10,100.0
x-ai/grok-3-mini-beta,20,98.0
x-ai/grok-3-mini-beta,30,100.0
x-ai/grok-3-mini-beta,40,99.0
x-ai/grok-3-mini-beta,50,99.2
x-ai/grok-3-mini-beta,60,96.66666666666666
x-ai/grok-3-mini-beta,70,97.14285714285714
x-ai/grok-3-mini-beta,80,95.25
x-ai/grok-3-mini-beta,90,93.55555555555556
x-ai/grok-3-mini-beta,100,92.8
x-ai/grok-3-mini-beta,110,86.72727272727272
x-ai/grok-3-mini-beta,120,89.5
x-ai/grok-3-mini-beta,130,82.76923076923077
x-ai/grok-3-mini-beta,140,82.42857142857143
x-ai/grok-3-mini-beta,150,80.93333333333332
x-ai/grok-3-mini-beta,160,76.125
x-ai/grok-3-mini-beta,170,76.94117647058823
x-ai/grok-3-mini-beta,180,66.88888888888889
x-ai/grok-3-mini-beta,190,69.78947368421052
x-ai/grok-3-mini-beta,200,68.5
x-ai/grok-3-mini-beta,210,65.42857142857142
x-ai/grok-3-mini-beta,220,65.18181818181817
x-ai/grok-3-mini-beta,230,60.8695652173913
x-ai/grok-3-mini-beta,240,62.66666666666667
x-ai/grok-3-mini-beta,250,56.56
x-ai/grok-3-mini-beta,260,56.69230769230769
x-ai/grok-3-mini-beta,270,57.333333333333336
x-ai/grok-3-mini-beta,280,55.57142857142858
x-ai/grok-3-mini-beta,290,55.58620689655172
x-ai/grok-3-mini-beta,300,50.86666666666667
x-ai/grok-3-mini-beta,310,53.29032258064516
x-ai/grok-3-mini-beta,320,43.625
x-ai/grok-3-mini-beta,330,49.09090909090909
x-ai/grok-3-mini-beta,340,49.35294117647059
x-ai/grok-3-mini-beta,350,46.8
x-ai/grok-3-mini-beta,360,45.833333333333336
x-ai/grok-3-mini-beta,370,41.13513513513514
x-ai/grok-3-mini-beta,380,44.10526315789474
x-ai/grok-3-mini-beta,390,40.76923076923077
x-ai/grok-3-mini-beta,400,39.9
x-ai/grok-3-mini-beta,410,42.58536585365854
x-ai/grok-3-mini-beta,420,42.19047619047619
x-ai/grok-3-mini-beta,430,41.16279069767442
x-ai/grok-3-mini-beta,440,39.81818181818182
x-ai/grok-3-mini-beta,450,38.75555555555555
x-ai/grok-3-mini-beta,460,35.826086956521735
x-ai/grok-3-mini-beta,470,37.191489361702125
x-ai/grok-3-mini-beta,480,35.541666666666664
x-ai/grok-3-mini-beta,490,35.10204081632653
x-ai/grok-3-mini-beta,500,36.36
