model,num_rules,accuracy_std
anthropic/claude-3.5-haiku,10,4.472135954999579
anthropic/claude-3.5-haiku,20,4.47213595499958
anthropic/claude-3.5-haiku,30,3.8005847503304615
anthropic/claude-3.5-haiku,40,7.416198487095662
anthropic/claude-3.5-haiku,50,5.0990195135927845
anthropic/claude-3.5-haiku,60,6.972166887783963
anthropic/claude-3.5-haiku,70,12.470373053025826
anthropic/claude-3.5-haiku,80,6.937218462755805
anthropic/claude-3.5-haiku,90,3.0020569080236235
anthropic/claude-3.5-haiku,100,6.58027355054484
anthropic/claude-3.5-haiku,110,5.118432094639731
anthropic/claude-3.5-haiku,120,3.084459253886958
anthropic/claude-3.5-haiku,130,2.1345287577710175
anthropic/claude-3.5-haiku,140,4.3624089956007035
anthropic/claude-3.5-haiku,150,4.8671232662517285
anthropic/claude-3.5-haiku,160,2.9315098498896437
anthropic/claude-3.5-haiku,170,4.254043466297539
anthropic/claude-3.5-haiku,180,3.027650354097492
anthropic/claude-3.5-haiku,190,2.9912152080805927
anthropic/claude-3.5-haiku,200,2.0796634343085425
anthropic/claude-3.5-haiku,210,3.0602417167732616
anthropic/claude-3.5-haiku,220,1.244823994329924
anthropic/claude-3.5-haiku,230,2.608695652173913
anthropic/claude-3.5-haiku,240,2.835170972700667
anthropic/claude-3.5-haiku,250,1.8242806801586215
anthropic/claude-3.5-haiku,260,4.24298934477588
anthropic/claude-3.5-haiku,270,1.4200214453837643
anthropic/claude-3.5-haiku,280,1.9463466562055303
anthropic/claude-3.5-haiku,290,1.3706625458173645
anthropic/claude-3.5-haiku,300,1.0540925533894603
anthropic/claude-3.5-haiku,310,2.07055568204919
anthropic/claude-3.5-haiku,320,0.9529969176235571
anthropic/claude-3.5-haiku,330,1.1814296175526016
anthropic/claude-3.5-haiku,340,1.7074029733764693
anthropic/claude-3.5-haiku,350,1.2355284748822661
anthropic/claude-3.5-haiku,360,1.2638125740085917
anthropic/claude-3.5-haiku,370,1.4975021813183857
anthropic/claude-3.5-haiku,380,0.9378173516423928
anthropic/claude-3.5-haiku,390,0.6175176707072979
anthropic/claude-3.5-haiku,400,0.7071067811865474
anthropic/claude-3.5-haiku,410,1.0115337245525724
anthropic/claude-3.5-haiku,420,1.070105002583059
anthropic/claude-3.5-haiku,430,1.346027546836073
anthropic/claude-3.5-haiku,440,1.3115034587503194
anthropic/claude-3.5-haiku,450,0.5305482838361477
anthropic/claude-3.5-haiku,460,1.4370864244381227
anthropic/claude-3.5-haiku,470,1.6685518235487364
anthropic/claude-3.5-haiku,480,0.7711148134717394
anthropic/claude-3.5-haiku,490,1.050574504182347
anthropic/claude-3.5-haiku,500,0.8074651695274538
anthropic/claude-3.7-sonnet,10,0.0
anthropic/claude-3.7-sonnet,20,2.23606797749979
anthropic/claude-3.7-sonnet,30,0.0
anthropic/claude-3.7-sonnet,40,1.118033988749895
anthropic/claude-3.7-sonnet,50,0.8944271909999173
anthropic/claude-3.7-sonnet,60,1.3944333775567899
anthropic/claude-3.7-sonnet,70,0.7824607964359611
anthropic/claude-3.7-sonnet,80,3.468609231377902
anthropic/claude-3.7-sonnet,90,3.8005847503304606
anthropic/claude-3.7-sonnet,100,3.271085446759227
anthropic/claude-3.7-sonnet,110,2.603240193322973
anthropic/claude-3.7-sonnet,120,4.894725051862808
anthropic/claude-3.7-sonnet,130,5.412018184411647
anthropic/claude-3.7-sonnet,140,3.088821187205669
anthropic/claude-3.7-sonnet,150,5.8575687030636825
anthropic/claude-3.7-sonnet,160,3.9181070046643707
anthropic/claude-3.7-sonnet,170,5.4709044816877235
anthropic/claude-3.7-sonnet,180,3.2250945052666626
anthropic/claude-3.7-sonnet,190,9.726167690829651
anthropic/claude-3.7-sonnet,200,10.632497354808041
anthropic/claude-3.7-sonnet,210,7.37711113563318
anthropic/claude-3.7-sonnet,220,22.12287249891627
anthropic/claude-3.7-sonnet,230,5.892868394984308
anthropic/claude-3.7-sonnet,240,6.656241849238618
anthropic/claude-3.7-sonnet,250,4.869496893930629
anthropic/claude-3.7-sonnet,260,10.039124646533638
anthropic/claude-3.7-sonnet,270,11.613931372297623
anthropic/claude-3.7-sonnet,280,6.908660639858835
anthropic/claude-3.7-sonnet,290,9.313537128323793
anthropic/claude-3.7-sonnet,300,1.3864422895390336
anthropic/claude-3.7-sonnet,310,3.481779539503693
anthropic/claude-3.7-sonnet,320,7.30073840443554
anthropic/claude-3.7-sonnet,330,1.880253582725885
anthropic/claude-3.7-sonnet,340,4.285446523189174
anthropic/claude-3.7-sonnet,350,5.312288411152515
anthropic/claude-3.7-sonnet,360,8.50154306981393
anthropic/claude-3.7-sonnet,370,8.509437033478468
anthropic/claude-3.7-sonnet,380,4.705304368122854
anthropic/claude-3.7-sonnet,390,3.8987851915380927
anthropic/claude-3.7-sonnet,400,7.443537465479701
anthropic/claude-3.7-sonnet,410,3.721410950782565
anthropic/claude-3.7-sonnet,420,7.202922057595825
anthropic/claude-3.7-sonnet,430,6.228044182798322
anthropic/claude-3.7-sonnet,440,3.9345103762509606
anthropic/claude-3.7-sonnet,450,5.487584190416906
anthropic/claude-3.7-sonnet,460,7.960203472240557
anthropic/claude-3.7-sonnet,470,5.827612577781962
anthropic/claude-3.7-sonnet,480,3.2662520995443365
anthropic/claude-3.7-sonnet,490,3.5949661691872694
anthropic/claude-3.7-sonnet,500,8.441089977011265
anthropic/claude-opus-4,10,0.0
anthropic/claude-opus-4,20,0.0
anthropic/claude-opus-4,30,0.0
anthropic/claude-opus-4,40,1.3693063937629144
anthropic/claude-opus-4,50,0.0
anthropic/claude-opus-4,60,2.1730674684008853
anthropic/claude-opus-4,70,0.7824607964359468
anthropic/claude-opus-4,80,3.6869703009381563
anthropic/claude-opus-4,90,3.0429030972509237
anthropic/claude-opus-4,100,4.722287581247036
anthropic/claude-opus-4,110,7.5130740041434105
anthropic/claude-opus-4,120,3.061862178478972
anthropic/claude-opus-4,130,7.626642804889503
anthropic/claude-opus-4,140,1.7053337694733306
anthropic/claude-opus-4,150,5.925462944877054
anthropic/claude-opus-4,160,10.009760861279354
anthropic/claude-opus-4,170,5.084068337960439
anthropic/claude-opus-4,180,8.612007121842538
anthropic/claude-opus-4,190,9.454659259722245
anthropic/claude-opus-4,200,7.404390589373306
anthropic/claude-opus-4,210,7.0710678118654755
anthropic/claude-opus-4,220,6.387940601161453
anthropic/claude-opus-4,230,7.943562741989066
anthropic/claude-opus-4,240,10.706793015028666
anthropic/claude-opus-4,250,3.913055072446587
anthropic/claude-opus-4,260,15.944151790903176
anthropic/claude-opus-4,270,10.603853118570603
anthropic/claude-opus-4,280,12.063818395753238
anthropic/claude-opus-4,290,9.141508733588687
anthropic/claude-opus-4,300,7.822332701240013
anthropic/claude-opus-4,310,11.629468471976134
anthropic/claude-opus-4,320,5.906167327463725
anthropic/claude-opus-4,330,7.9264293870747915
anthropic/claude-opus-4,340,9.675978889706636
anthropic/claude-opus-4,350,6.409177093855976
anthropic/claude-opus-4,360,6.987643414902281
anthropic/claude-opus-4,370,12.662962563758983
anthropic/claude-opus-4,380,4.60338307487787
anthropic/claude-opus-4,390,7.627073822596189
anthropic/claude-opus-4,400,8.156669050537726
anthropic/claude-opus-4,410,4.836407632368953
anthropic/claude-opus-4,420,10.321641399464443
anthropic/claude-opus-4,430,26.62633284673901
anthropic/claude-opus-4,440,8.883427787526523
anthropic/claude-opus-4,450,3.7725453960730664
anthropic/claude-opus-4,460,5.473773179136595
anthropic/claude-opus-4,470,18.653763135915188
anthropic/claude-opus-4,480,13.356100354020507
anthropic/claude-opus-4,490,17.2841601113231
anthropic/claude-opus-4,500,14.003856611662371
anthropic/claude-opus-4-high-reasoning,10,17.888543819998315
anthropic/claude-opus-4-high-reasoning,20,0.0
anthropic/claude-opus-4-high-reasoning,30,0.0
anthropic/claude-opus-4-high-reasoning,40,17.64227876437735
anthropic/claude-opus-4-high-reasoning,50,0.8944271909999173
anthropic/claude-opus-4-high-reasoning,60,1.49071198499986
anthropic/claude-opus-4-high-reasoning,70,2.555506259999762
anthropic/claude-opus-4-high-reasoning,80,41.57636047082524
anthropic/claude-opus-4-high-reasoning,90,23.562367987644734
anthropic/claude-opus-4-high-reasoning,100,31.767908335299634
anthropic/claude-opus-4-high-reasoning,110,6.050749560834092
anthropic/claude-opus-4-high-reasoning,120,1.9184774055368883
anthropic/claude-opus-4-high-reasoning,130,2.6868075687035384
anthropic/claude-opus-4-high-reasoning,140,4.2857142857142785
anthropic/claude-opus-4-high-reasoning,150,7.823042886243177
anthropic/claude-opus-4-high-reasoning,160,6.133285212673547
anthropic/claude-opus-4-high-reasoning,170,4.188466616215979
anthropic/claude-opus-4-high-reasoning,180,6.16891850777391
anthropic/claude-opus-4-high-reasoning,190,7.7566877587118075
anthropic/claude-opus-4-high-reasoning,200,6.50384501660364
anthropic/claude-opus-4-high-reasoning,210,4.219058368254609
anthropic/claude-opus-4-high-reasoning,220,16.59059775548481
anthropic/claude-opus-4-high-reasoning,230,12.49423307423956
anthropic/claude-opus-4-high-reasoning,240,7.213269023126756
anthropic/claude-opus-4-high-reasoning,250,8.165292401377924
anthropic/claude-opus-4-high-reasoning,260,4.015502503427133
anthropic/claude-opus-4-high-reasoning,270,12.282678760387089
anthropic/claude-opus-4-high-reasoning,280,8.116655840973936
anthropic/claude-opus-4-high-reasoning,290,17.93169760047053
anthropic/claude-opus-4-high-reasoning,300,3.0605010483034762
anthropic/claude-opus-4-high-reasoning,310,4.184854511697998
anthropic/claude-opus-4-high-reasoning,320,5.9317406277584315
anthropic/claude-opus-4-high-reasoning,330,11.235438489585524
anthropic/claude-opus-4-high-reasoning,340,6.061250227903441
anthropic/claude-opus-4-high-reasoning,350,9.721845797701464
anthropic/claude-opus-4-high-reasoning,360,5.714395942499462
anthropic/claude-opus-4-high-reasoning,370,11.60337977513404
anthropic/claude-opus-4-high-reasoning,380,22.168924620661357
anthropic/claude-opus-4-high-reasoning,390,4.5594906113631195
anthropic/claude-opus-4-high-reasoning,400,12.62982581035859
anthropic/claude-opus-4-high-reasoning,410,11.179674767186185
anthropic/claude-opus-4-high-reasoning,420,4.496786456501371
anthropic/claude-opus-4-high-reasoning,430,7.689203517278264
anthropic/claude-opus-4-high-reasoning,440,29.927857472471395
anthropic/claude-opus-4-high-reasoning,450,13.269848864583535
anthropic/claude-opus-4-high-reasoning,460,5.757792451369143
anthropic/claude-opus-4-high-reasoning,470,2.483079908237474
anthropic/claude-opus-4-high-reasoning,480,4.415978720007104
anthropic/claude-opus-4-high-reasoning,490,9.957845343331861
anthropic/claude-opus-4-high-reasoning,500,7.617873719089863
anthropic/claude-sonnet-4,10,0.0
anthropic/claude-sonnet-4,20,0.0
anthropic/claude-sonnet-4,30,0.0
anthropic/claude-sonnet-4,40,1.3693063937629169
anthropic/claude-sonnet-4,50,1.4142135623730963
anthropic/claude-sonnet-4,60,1.178511301977575
anthropic/claude-sonnet-4,70,2.390457218668791
anthropic/claude-sonnet-4,80,2.0539595906443733
anthropic/claude-sonnet-4,90,3.9596732624900985
anthropic/claude-sonnet-4,100,2.9664793948382657
anthropic/claude-sonnet-4,110,4.388188504053519
anthropic/claude-sonnet-4,120,1.5590239111558082
anthropic/claude-sonnet-4,130,2.395755615753451
anthropic/claude-sonnet-4,140,4.601463830973265
anthropic/claude-sonnet-4,150,5.05525029603437
anthropic/claude-sonnet-4,160,1.2960275845829825
anthropic/claude-sonnet-4,170,7.204381596421107
anthropic/claude-sonnet-4,180,5.1159397480983735
anthropic/claude-sonnet-4,190,16.23238444311683
anthropic/claude-sonnet-4,200,4.183300132670378
anthropic/claude-sonnet-4,210,11.15241755107654
anthropic/claude-sonnet-4,220,15.90584382447517
anthropic/claude-sonnet-4,230,7.427023665594489
anthropic/claude-sonnet-4,240,7.509253550712544
anthropic/claude-sonnet-4,250,12.601587201618694
anthropic/claude-sonnet-4,260,12.323907587484257
anthropic/claude-sonnet-4,270,9.264442993405066
anthropic/claude-sonnet-4,280,15.195578707140376
anthropic/claude-sonnet-4,290,9.383492982198469
anthropic/claude-sonnet-4,300,13.893643630571978
anthropic/claude-sonnet-4,310,19.147545847097515
anthropic/claude-sonnet-4,320,17.68954272656589
anthropic/claude-sonnet-4,330,8.13397910998155
anthropic/claude-sonnet-4,340,10.399876895731353
anthropic/claude-sonnet-4,350,13.568571127756217
anthropic/claude-sonnet-4,360,10.99943881845741
anthropic/claude-sonnet-4,370,16.749780587946184
anthropic/claude-sonnet-4,380,11.423295923274182
anthropic/claude-sonnet-4,390,12.481939615622544
anthropic/claude-sonnet-4,400,8.49080384887085
anthropic/claude-sonnet-4,410,8.311313362140078
anthropic/claude-sonnet-4,420,6.559513006645674
anthropic/claude-sonnet-4,430,9.685983695600221
anthropic/claude-sonnet-4,440,4.220179777612785
anthropic/claude-sonnet-4,450,4.5270108416585275
anthropic/claude-sonnet-4,460,9.95262881935617
anthropic/claude-sonnet-4,470,4.488302789304039
anthropic/claude-sonnet-4,480,11.077575258652551
anthropic/claude-sonnet-4,490,7.984783529522123
anthropic/claude-sonnet-4,500,10.249487792080147
anthropic/claude-sonnet-4-high-reasoning,10,0.0
anthropic/claude-sonnet-4-high-reasoning,20,2.2360679774997907
anthropic/claude-sonnet-4-high-reasoning,30,0.0
anthropic/claude-sonnet-4-high-reasoning,40,1.3693063937629144
anthropic/claude-sonnet-4-high-reasoning,50,0.0
anthropic/claude-sonnet-4-high-reasoning,60,1.3944333775567879
anthropic/claude-sonnet-4-high-reasoning,70,2.1189138534559047
anthropic/claude-sonnet-4-high-reasoning,80,2.592055169165965
anthropic/claude-sonnet-4-high-reasoning,90,3.5486043161491767
anthropic/claude-sonnet-4-high-reasoning,100,3.6331804249169886
anthropic/claude-sonnet-4-high-reasoning,110,4.723774929733302
anthropic/claude-sonnet-4-high-reasoning,120,4.191592113319765
anthropic/claude-sonnet-4-high-reasoning,130,3.1994822066285264
anthropic/claude-sonnet-4-high-reasoning,140,3.288818409491808
anthropic/claude-sonnet-4-high-reasoning,150,3.7535168694024583
anthropic/claude-sonnet-4-high-reasoning,160,1.8434851504690786
anthropic/claude-sonnet-4-high-reasoning,170,8.701111570400275
anthropic/claude-sonnet-4-high-reasoning,180,2.2703129713002768
anthropic/claude-sonnet-4-high-reasoning,190,6.746292713332361
anthropic/claude-sonnet-4-high-reasoning,200,5.0373604199024715
anthropic/claude-sonnet-4-high-reasoning,210,4.955585044094354
anthropic/claude-sonnet-4-high-reasoning,220,5.821022034029869
anthropic/claude-sonnet-4-high-reasoning,230,8.50330748504694
anthropic/claude-sonnet-4-high-reasoning,240,4.996526571307094
anthropic/claude-sonnet-4-high-reasoning,250,4.979959839195491
anthropic/claude-sonnet-4-high-reasoning,260,8.854511102477952
anthropic/claude-sonnet-4-high-reasoning,270,9.901434682870438
anthropic/claude-sonnet-4-high-reasoning,280,10.487480388442174
anthropic/claude-sonnet-4-high-reasoning,290,6.056609679396649
anthropic/claude-sonnet-4-high-reasoning,300,9.14512620652845
anthropic/claude-sonnet-4-high-reasoning,310,4.689084452991236
anthropic/claude-sonnet-4-high-reasoning,320,6.594416435515732
anthropic/claude-sonnet-4-high-reasoning,330,13.30472136694243
anthropic/claude-sonnet-4-high-reasoning,340,8.268316146780691
anthropic/claude-sonnet-4-high-reasoning,350,14.330501223129717
anthropic/claude-sonnet-4-high-reasoning,360,19.02666257883628
anthropic/claude-sonnet-4-high-reasoning,370,11.41007973895797
anthropic/claude-sonnet-4-high-reasoning,380,14.302819201790728
anthropic/claude-sonnet-4-high-reasoning,390,18.379983681480578
anthropic/claude-sonnet-4-high-reasoning,400,6.348228099241552
anthropic/claude-sonnet-4-high-reasoning,410,9.903460238102939
anthropic/claude-sonnet-4-high-reasoning,420,11.112443230803164
anthropic/claude-sonnet-4-high-reasoning,430,5.072220443469489
anthropic/claude-sonnet-4-high-reasoning,440,5.439372836964217
anthropic/claude-sonnet-4-high-reasoning,450,11.696786516595694
anthropic/claude-sonnet-4-high-reasoning,460,10.39280505808828
anthropic/claude-sonnet-4-high-reasoning,470,6.618697194895567
anthropic/claude-sonnet-4-high-reasoning,480,7.3989136777712945
anthropic/claude-sonnet-4-high-reasoning,490,5.787792521683243
anthropic/claude-sonnet-4-high-reasoning,500,6.671731409461863
deepseek/deepseek-r1-0528,10,4.472135954999579
deepseek/deepseek-r1-0528,20,0.0
deepseek/deepseek-r1-0528,30,4.47213595499958
deepseek/deepseek-r1-0528,40,1.1180339887498958
deepseek/deepseek-r1-0528,50,2.2803508501982765
deepseek/deepseek-r1-0528,60,6.0553007081949835
deepseek/deepseek-r1-0528,70,5.532833351724886
deepseek/deepseek-r1-0528,80,5.836308764964377
deepseek/deepseek-r1-0528,90,5.58878948442635
deepseek/deepseek-r1-0528,100,5.630275304103699
deepseek/deepseek-r1-0528,110,10.897721347993462
deepseek/deepseek-r1-0528,120,7.719024117939604
deepseek/deepseek-r1-0528,130,5.873418205791107
deepseek/deepseek-r1-0528,140,9.467991188359711
deepseek/deepseek-r1-0528,150,6.798692684790379
deepseek/deepseek-r1-0528,160,24.107506611012262
deepseek/deepseek-r1-0528,170,17.2985188477297
deepseek/deepseek-r1-0528,180,4.99073215143905
deepseek/deepseek-r1-0528,190,2.5676444037158888
deepseek/deepseek-r1-0528,200,7.981227975693966
deepseek/deepseek-r1-0528,210,7.5847442060495185
deepseek/deepseek-r1-0528,220,5.261744046722829
deepseek/deepseek-r1-0528,230,4.905534854806379
deepseek/deepseek-r1-0528,240,4.177070344950714
deepseek/deepseek-r1-0528,250,6.507841424005353
deepseek/deepseek-r1-0528,260,5.409284151307438
deepseek/deepseek-r1-0528,270,4.178788950390618
deepseek/deepseek-r1-0528,280,4.230296462810293
deepseek/deepseek-r1-0528,290,5.325325934993274
deepseek/deepseek-r1-0528,300,6.080021929785014
deepseek/deepseek-r1-0528,310,7.003046757789031
deepseek/deepseek-r1-0528,320,5.233791945138821
deepseek/deepseek-r1-0528,330,6.630064812074226
deepseek/deepseek-r1-0528,340,6.479272247570053
deepseek/deepseek-r1-0528,350,5.811319004445423
deepseek/deepseek-r1-0528,360,3.651483716701105
deepseek/deepseek-r1-0528,370,4.4843694125805404
deepseek/deepseek-r1-0528,380,5.14808411771821
deepseek/deepseek-r1-0528,390,1.825741858350553
deepseek/deepseek-r1-0528,400,5.6052430812588305
deepseek/deepseek-r1-0528,410,6.849708088110471
deepseek/deepseek-r1-0528,420,4.446711439972858
deepseek/deepseek-r1-0528,430,3.00711253492923
deepseek/deepseek-r1-0528,440,5.509664686591889
deepseek/deepseek-r1-0528,450,2.9338383403670023
deepseek/deepseek-r1-0528,460,3.5368703391333445
deepseek/deepseek-r1-0528,470,2.171880877476568
deepseek/deepseek-r1-0528,480,3.6365954392658093
deepseek/deepseek-r1-0528,490,7.297737749459879
deepseek/deepseek-r1-0528,500,3.528739151595084
google/gemini-2.5-flash-preview-05-20,10,0.0
google/gemini-2.5-flash-preview-05-20,20,2.2360679774997907
google/gemini-2.5-flash-preview-05-20,30,3.6514837167011125
google/gemini-2.5-flash-preview-05-20,40,2.8504385627478466
google/gemini-2.5-flash-preview-05-20,50,1.4142135623730951
google/gemini-2.5-flash-preview-05-20,60,2.981423969999722
google/gemini-2.5-flash-preview-05-20,70,4.58480186739463
google/gemini-2.5-flash-preview-05-20,80,1.8957188610128883
google/gemini-2.5-flash-preview-05-20,90,4.608098078517267
google/gemini-2.5-flash-preview-05-20,100,4.527692569068707
google/gemini-2.5-flash-preview-05-20,110,7.751299544469895
google/gemini-2.5-flash-preview-05-20,120,4.464365078659627
google/gemini-2.5-flash-preview-05-20,130,7.795462190866607
google/gemini-2.5-flash-preview-05-20,140,6.654751256486923
google/gemini-2.5-flash-preview-05-20,150,2.7648588471103617
google/gemini-2.5-flash-preview-05-20,160,4.026280852101601
google/gemini-2.5-flash-preview-05-20,170,11.980376111153852
google/gemini-2.5-flash-preview-05-20,180,7.020692519744055
google/gemini-2.5-flash-preview-05-20,190,11.86839187766283
google/gemini-2.5-flash-preview-05-20,200,3.9274673773310957
google/gemini-2.5-flash-preview-05-20,210,3.5730155204388674
google/gemini-2.5-flash-preview-05-20,220,4.653266869843541
google/gemini-2.5-flash-preview-05-20,230,6.0947155516852956
google/gemini-2.5-flash-preview-05-20,240,4.491504326070624
google/gemini-2.5-flash-preview-05-20,250,7.794356933063818
google/gemini-2.5-flash-preview-05-20,260,3.467942793492262
google/gemini-2.5-flash-preview-05-20,270,4.611073925181011
google/gemini-2.5-flash-preview-05-20,280,4.470709663796029
google/gemini-2.5-flash-preview-05-20,290,5.062040777897652
google/gemini-2.5-flash-preview-05-20,300,4.333333333333333
google/gemini-2.5-flash-preview-05-20,310,3.6963294220983784
google/gemini-2.5-flash-preview-05-20,320,3.6201476143936446
google/gemini-2.5-flash-preview-05-20,330,3.2538738655869373
google/gemini-2.5-flash-preview-05-20,340,3.4337526759285324
google/gemini-2.5-flash-preview-05-20,350,3.3782014294531293
google/gemini-2.5-flash-preview-05-20,360,5.3984737212029215
google/gemini-2.5-flash-preview-05-20,370,5.6840350280541125
google/gemini-2.5-flash-preview-05-20,380,3.097000604194689
google/gemini-2.5-flash-preview-05-20,390,4.601117549981116
google/gemini-2.5-flash-preview-05-20,400,3.8348728792490627
google/gemini-2.5-flash-preview-05-20,410,4.711801225772974
google/gemini-2.5-flash-preview-05-20,420,6.8292255780187
google/gemini-2.5-flash-preview-05-20,430,3.988897517766927
google/gemini-2.5-flash-preview-05-20,440,3.5450174555748775
google/gemini-2.5-flash-preview-05-20,450,7.412701811630369
google/gemini-2.5-flash-preview-05-20,460,3.634402934195755
google/gemini-2.5-flash-preview-05-20,470,4.801633191296204
google/gemini-2.5-flash-preview-05-20,480,5.198741167073257
google/gemini-2.5-flash-preview-05-20,490,3.77247533843391
google/gemini-2.5-flash-preview-05-20,500,4.154515615568197
google/gemini-2.5-pro-preview,10,0.0
google/gemini-2.5-pro-preview,20,0.0
google/gemini-2.5-pro-preview,30,0.0
google/gemini-2.5-pro-preview,40,0.0
google/gemini-2.5-pro-preview,50,0.0
google/gemini-2.5-pro-preview,60,0.9128709291752799
google/gemini-2.5-pro-preview,70,0.0
google/gemini-2.5-pro-preview,80,0.5590169943749485
google/gemini-2.5-pro-preview,90,0.9938079899999102
google/gemini-2.5-pro-preview,100,1.095445115010332
google/gemini-2.5-pro-preview,110,1.4937887931959068
google/gemini-2.5-pro-preview,120,1.178511301977577
google/gemini-2.5-pro-preview,130,2.3331924443235534
google/gemini-2.5-pro-preview,140,5.010193690500046
google/gemini-2.5-pro-preview,150,3.1411250638372716
google/gemini-2.5-pro-preview,160,1.6177723881930985
google/gemini-2.5-pro-preview,170,5.99018805557693
google/gemini-2.5-pro-preview,180,4.479032082388081
google/gemini-2.5-pro-preview,190,3.8388594797495683
google/gemini-2.5-pro-preview,200,7.766917020285462
google/gemini-2.5-pro-preview,210,4.213680343929317
google/gemini-2.5-pro-preview,220,3.287215405775369
google/gemini-2.5-pro-preview,230,5.186502768155356
google/gemini-2.5-pro-preview,240,4.054746875234287
google/gemini-2.5-pro-preview,250,6.374950980203689
google/gemini-2.5-pro-preview,260,6.323385730808433
google/gemini-2.5-pro-preview,270,4.8756836248189686
google/gemini-2.5-pro-preview,280,6.708203932499363
google/gemini-2.5-pro-preview,290,6.389088498607912
google/gemini-2.5-pro-preview,300,8.393118874676112
google/gemini-2.5-pro-preview,310,4.941910216392913
google/gemini-2.5-pro-preview,320,3.176143986817978
google/gemini-2.5-pro-preview,330,11.491203167186994
google/gemini-2.5-pro-preview,340,8.464765155333502
google/gemini-2.5-pro-preview,350,6.825522331810283
google/gemini-2.5-pro-preview,360,3.646197071802317
google/gemini-2.5-pro-preview,370,5.355853961614769
google/gemini-2.5-pro-preview,380,6.039459350974847
google/gemini-2.5-pro-preview,390,5.130127844686436
google/gemini-2.5-pro-preview,400,7.772949890485594
google/gemini-2.5-pro-preview,410,9.882413970753888
google/gemini-2.5-pro-preview,420,6.0478065212786705
google/gemini-2.5-pro-preview,430,6.427193444730529
google/gemini-2.5-pro-preview,440,6.862733233779128
google/gemini-2.5-pro-preview,450,7.445936832168399
google/gemini-2.5-pro-preview,460,6.480667775809521
google/gemini-2.5-pro-preview,470,4.1731426963122775
google/gemini-2.5-pro-preview,480,8.92192212723494
google/gemini-2.5-pro-preview,490,1.8737761520225307
google/gemini-2.5-pro-preview,500,4.786230249371628
google/gemini-2.5-pro-preview-high-reasoning,10,0.0
google/gemini-2.5-pro-preview-high-reasoning,20,0.0
google/gemini-2.5-pro-preview-high-reasoning,30,0.0
google/gemini-2.5-pro-preview-high-reasoning,40,0.0
google/gemini-2.5-pro-preview-high-reasoning,50,0.8944271909999143
google/gemini-2.5-pro-preview-high-reasoning,60,0.7453559924999319
google/gemini-2.5-pro-preview-high-reasoning,70,0.6388765649999361
google/gemini-2.5-pro-preview-high-reasoning,80,0.0
google/gemini-2.5-pro-preview-high-reasoning,90,0.0
google/gemini-2.5-pro-preview-high-reasoning,100,1.3416407864998758
google/gemini-2.5-pro-preview-high-reasoning,110,1.4937887931958997
google/gemini-2.5-pro-preview-high-reasoning,120,6.219369385681766
google/gemini-2.5-pro-preview-high-reasoning,130,1.720052290384449
google/gemini-2.5-pro-preview-high-reasoning,140,2.5951288749407104
google/gemini-2.5-pro-preview-high-reasoning,150,2.190890230020665
google/gemini-2.5-pro-preview-high-reasoning,160,5.971939592795627
google/gemini-2.5-pro-preview-high-reasoning,170,3.039531925356189
google/gemini-2.5-pro-preview-high-reasoning,180,4.691073740574346
google/gemini-2.5-pro-preview-high-reasoning,190,4.249816681723439
google/gemini-2.5-pro-preview-high-reasoning,200,3.817721833764215
google/gemini-2.5-pro-preview-high-reasoning,210,3.1765866819348374
google/gemini-2.5-pro-preview-high-reasoning,220,3.1426156395352
google/gemini-2.5-pro-preview-high-reasoning,230,5.324977701702561
google/gemini-2.5-pro-preview-high-reasoning,240,5.232444191983532
google/gemini-2.5-pro-preview-high-reasoning,250,7.172168430816438
google/gemini-2.5-pro-preview-high-reasoning,260,6.205313622997904
google/gemini-2.5-pro-preview-high-reasoning,270,8.159083571014143
google/gemini-2.5-pro-preview-high-reasoning,280,2.7362830441968495
google/gemini-2.5-pro-preview-high-reasoning,290,5.083137589390574
google/gemini-2.5-pro-preview-high-reasoning,300,3.2540572964975465
google/gemini-2.5-pro-preview-high-reasoning,310,5.8180886971074015
google/gemini-2.5-pro-preview-high-reasoning,320,8.955728788043997
google/gemini-2.5-pro-preview-high-reasoning,330,5.410597362585608
google/gemini-2.5-pro-preview-high-reasoning,340,10.809373735496116
google/gemini-2.5-pro-preview-high-reasoning,350,2.7180425129200656
google/gemini-2.5-pro-preview-high-reasoning,360,5.662171419622083
google/gemini-2.5-pro-preview-high-reasoning,370,3.9932375268628726
google/gemini-2.5-pro-preview-high-reasoning,380,8.245707352962059
google/gemini-2.5-pro-preview-high-reasoning,390,3.680179511386487
google/gemini-2.5-pro-preview-high-reasoning,400,8.733913784781711
google/gemini-2.5-pro-preview-high-reasoning,410,2.517044809823211
google/gemini-2.5-pro-preview-high-reasoning,420,8.146546087264678
google/gemini-2.5-pro-preview-high-reasoning,430,5.3158741630988215
google/gemini-2.5-pro-preview-high-reasoning,440,6.238626014232184
google/gemini-2.5-pro-preview-high-reasoning,450,6.323774462833896
google/gemini-2.5-pro-preview-high-reasoning,460,3.891850823906123
google/gemini-2.5-pro-preview-high-reasoning,470,13.935764164947075
google/gemini-2.5-pro-preview-high-reasoning,480,3.4314972841474214
google/gemini-2.5-pro-preview-high-reasoning,490,6.010888357152302
google/gemini-2.5-pro-preview-high-reasoning,500,2.6252618916976598
meta-llama/llama-4-maverick,10,0.0
meta-llama/llama-4-maverick,20,0.0
meta-llama/llama-4-maverick,30,2.788866755113584
meta-llama/llama-4-maverick,40,9.185586535436917
meta-llama/llama-4-maverick,50,12.680693987317888
meta-llama/llama-4-maverick,60,6.603870918719646
meta-llama/llama-4-maverick,70,11.184902360607648
meta-llama/llama-4-maverick,80,10.178101492911143
meta-llama/llama-4-maverick,90,10.581838622941444
meta-llama/llama-4-maverick,100,27.3367883995176
meta-llama/llama-4-maverick,110,7.524066071475842
meta-llama/llama-4-maverick,120,41.67333280008532
meta-llama/llama-4-maverick,130,3.713082580352974
meta-llama/llama-4-maverick,140,32.108712022675434
meta-llama/llama-4-maverick,150,33.044078306273136
meta-llama/llama-4-maverick,160,43.19152477627989
meta-llama/llama-4-maverick,170,35.1949587456395
meta-llama/llama-4-maverick,180,42.46385536365815
meta-llama/llama-4-maverick,190,42.93814400421047
meta-llama/llama-4-maverick,200,33.197514967238135
meta-llama/llama-4-maverick,210,36.78028161455889
meta-llama/llama-4-maverick,220,45.666551044473685
meta-llama/llama-4-maverick,230,39.423300183438435
meta-llama/llama-4-maverick,240,1.3693063937629146
meta-llama/llama-4-maverick,250,36.6092884388648
meta-llama/llama-4-maverick,260,44.026283166620544
meta-llama/llama-4-maverick,270,37.72236313361197
meta-llama/llama-4-maverick,280,2.1428571428571437
meta-llama/llama-4-maverick,290,46.27568220325803
meta-llama/llama-4-maverick,300,39.539712807364815
meta-llama/llama-4-maverick,310,46.59386819732839
meta-llama/llama-4-maverick,320,1.4149039278339723
meta-llama/llama-4-maverick,330,42.671573409317986
meta-llama/llama-4-maverick,340,44.57148917255091
meta-llama/llama-4-maverick,350,36.74145742723812
meta-llama/llama-4-maverick,360,47.67778619332379
meta-llama/llama-4-maverick,370,39.65519760206752
meta-llama/llama-4-maverick,380,39.77011503455196
meta-llama/llama-4-maverick,390,2.4189695210401543
meta-llama/llama-4-maverick,400,40.25403706462247
meta-llama/llama-4-maverick,410,39.38718556427456
meta-llama/llama-4-maverick,420,1.4541363318669027
meta-llama/llama-4-maverick,430,39.502585986507476
meta-llama/llama-4-maverick,440,1.2489665149121896
meta-llama/llama-4-maverick,450,1.3734699680322169
meta-llama/llama-4-maverick,460,49.982132913532325
meta-llama/llama-4-maverick,470,39.41991095639193
meta-llama/llama-4-maverick,480,4.769877997508019
meta-llama/llama-4-maverick,490,1.3567975623342576
meta-llama/llama-4-maverick,500,40.43701274822362
meta-llama/llama-4-scout,10,0.0
meta-llama/llama-4-scout,20,2.7386127875258306
meta-llama/llama-4-scout,30,9.718253158075498
meta-llama/llama-4-scout,40,7.416198487095663
meta-llama/llama-4-scout,50,9.528903399657276
meta-llama/llama-4-scout,60,6.932211447695142
meta-llama/llama-4-scout,70,17.302825061302585
meta-llama/llama-4-scout,80,6.336895927818288
meta-llama/llama-4-scout,90,3.896817314833374
meta-llama/llama-4-scout,100,3.96232255123179
meta-llama/llama-4-scout,110,3.4377582547616434
meta-llama/llama-4-scout,120,3.8819382329507053
meta-llama/llama-4-scout,130,3.236259071994251
meta-llama/llama-4-scout,140,5.60156683619933
meta-llama/llama-4-scout,150,1.2823589374447555
meta-llama/llama-4-scout,160,3.5520680595957055
meta-llama/llama-4-scout,170,4.657843034077448
meta-llama/llama-4-scout,180,4.055936055209774
meta-llama/llama-4-scout,190,3.6159082183826676
meta-llama/llama-4-scout,200,1.3874436925511615
meta-llama/llama-4-scout,210,1.043281061914602
meta-llama/llama-4-scout,220,0.7468943965979533
meta-llama/llama-4-scout,230,1.9589357088815318
meta-llama/llama-4-scout,240,2.049728979374808
meta-llama/llama-4-scout,250,1.397139935725839
meta-llama/llama-4-scout,260,3.4185363143521488
meta-llama/llama-4-scout,270,3.1273824937162296
meta-llama/llama-4-scout,280,2.377080184613391
meta-llama/llama-4-scout,290,2.3715515674550893
meta-llama/llama-4-scout,300,1.9776529298921761
meta-llama/llama-4-scout,310,1.8304852850465947
meta-llama/llama-4-scout,320,1.299789646442839
meta-llama/llama-4-scout,330,0.6569540420811762
meta-llama/llama-4-scout,340,1.6055698898771982
meta-llama/llama-4-scout,350,2.410859783969027
meta-llama/llama-4-scout,360,2.213524645904059
meta-llama/llama-4-scout,370,1.702917189407931
meta-llama/llama-4-scout,380,1.2482674974348869
meta-llama/llama-4-scout,390,40.64551459476483
meta-llama/llama-4-scout,400,1.6355427233796127
meta-llama/llama-4-scout,410,1.5863036625862534
meta-llama/llama-4-scout,420,1.2485819621073233
meta-llama/llama-4-scout,430,2.0207147903468328
meta-llama/llama-4-scout,440,1.3115034587503187
meta-llama/llama-4-scout,450,1.7540077565040992
meta-llama/llama-4-scout,460,2.1076868945288387
meta-llama/llama-4-scout,470,0.8849631635355497
meta-llama/llama-4-scout,480,0.8411095515910978
meta-llama/llama-4-scout,490,0.9528667371370408
meta-llama/llama-4-scout,500,0.7563068160475614
openai/gpt-4.1,10,4.472135954999579
openai/gpt-4.1,20,2.2360679774997907
openai/gpt-4.1,30,1.490711984999852
openai/gpt-4.1,40,1.1180339887498938
openai/gpt-4.1,50,1.7888543819998306
openai/gpt-4.1,60,1.900292375165226
openai/gpt-4.1,70,5.091008480344419
openai/gpt-4.1,80,3.235544776386196
openai/gpt-4.1,90,3.181738014061408
openai/gpt-4.1,100,2.7018512172212596
openai/gpt-4.1,110,1.4373989364401678
openai/gpt-4.1,120,2.635231383473647
openai/gpt-4.1,130,5.340478448526093
openai/gpt-4.1,140,2.178278668853846
openai/gpt-4.1,150,2.851899951494322
openai/gpt-4.1,160,4.664527039261322
openai/gpt-4.1,170,2.584221486645745
openai/gpt-4.1,180,2.9658550700086974
openai/gpt-4.1,190,3.337024733504707
openai/gpt-4.1,200,5.60802995712398
openai/gpt-4.1,210,4.040610178208847
openai/gpt-4.1,220,3.767521051836749
openai/gpt-4.1,230,4.097119648483387
openai/gpt-4.1,240,3.0844592538869544
openai/gpt-4.1,250,4.261455150532508
openai/gpt-4.1,260,4.529652467826852
openai/gpt-4.1,270,5.817291286754689
openai/gpt-4.1,280,6.570846247490745
openai/gpt-4.1,290,3.439644369527593
openai/gpt-4.1,300,2.433561633125864
openai/gpt-4.1,310,2.708525100604308
openai/gpt-4.1,320,2.951429738279403
openai/gpt-4.1,330,7.506960345384864
openai/gpt-4.1,340,7.794395111598417
openai/gpt-4.1,350,6.264900605104337
openai/gpt-4.1,360,3.235842859649659
openai/gpt-4.1,370,5.60639830659957
openai/gpt-4.1,380,1.334083353224905
openai/gpt-4.1,390,6.229239022819617
openai/gpt-4.1,400,4.922524758698529
openai/gpt-4.1,410,6.375611622221536
openai/gpt-4.1,420,4.869615172417393
openai/gpt-4.1,430,6.0115266961027185
openai/gpt-4.1,440,5.8321033728892475
openai/gpt-4.1,450,5.446938204392369
openai/gpt-4.1,460,3.694373180217044
openai/gpt-4.1,470,5.346736967288963
openai/gpt-4.1,480,9.193379637906109
openai/gpt-4.1,490,3.6706338262459086
openai/gpt-4.1,500,4.971116574774725
openai/gpt-4.1-mini,10,0.0
openai/gpt-4.1-mini,20,2.2360679774997907
openai/gpt-4.1-mini,30,2.7888667551135855
openai/gpt-4.1-mini,40,5.419870847169698
openai/gpt-4.1-mini,50,4.147288270665546
openai/gpt-4.1-mini,60,2.788866755113581
openai/gpt-4.1-mini,70,4.213680343929324
openai/gpt-4.1-mini,80,3.468609231377901
openai/gpt-4.1-mini,90,4.485917608485856
openai/gpt-4.1-mini,100,4.242640687119285
openai/gpt-4.1-mini,110,3.6363636363636367
openai/gpt-4.1-mini,120,3.7546267753562717
openai/gpt-4.1-mini,130,4.39876260169101
openai/gpt-4.1-mini,140,3.1542003094028033
openai/gpt-4.1-mini,150,2.649947588580237
openai/gpt-4.1-mini,160,2.8641098093473993
openai/gpt-4.1-mini,170,3.0678599553894834
openai/gpt-4.1-mini,180,5.975774137566603
openai/gpt-4.1-mini,190,3.091405295913349
openai/gpt-4.1-mini,200,3.402205167240802
openai/gpt-4.1-mini,210,1.5649215928719027
openai/gpt-4.1-mini,220,2.2636181087252227
openai/gpt-4.1-mini,230,5.412999825212494
openai/gpt-4.1-mini,240,4.103690750748378
openai/gpt-4.1-mini,250,2.551862065237852
openai/gpt-4.1-mini,260,1.783388172210712
openai/gpt-4.1-mini,270,5.3607832689370865
openai/gpt-4.1-mini,280,4.844521416518048
openai/gpt-4.1-mini,290,3.4945175338367553
openai/gpt-4.1-mini,300,1.9663841605003478
openai/gpt-4.1-mini,310,2.1079108713167147
openai/gpt-4.1-mini,320,3.418984224151962
openai/gpt-4.1-mini,330,1.5362171946226137
openai/gpt-4.1-mini,340,1.4197080454290814
openai/gpt-4.1-mini,350,5.172138862034089
openai/gpt-4.1-mini,360,2.472066162365218
openai/gpt-4.1-mini,370,1.4554499478741925
openai/gpt-4.1-mini,380,3.889933026077494
openai/gpt-4.1-mini,390,3.4084244163502277
openai/gpt-4.1-mini,400,1.2424773639789177
openai/gpt-4.1-mini,410,3.2061808244204864
openai/gpt-4.1-mini,420,1.9806318421986135
openai/gpt-4.1-mini,430,3.99431721798085
openai/gpt-4.1-mini,440,1.6198663346550446
openai/gpt-4.1-mini,450,3.1214115198966024
openai/gpt-4.1-mini,460,1.6412683554936418
openai/gpt-4.1-mini,470,3.532811985532841
openai/gpt-4.1-mini,480,1.8006075363609906
openai/gpt-4.1-mini,490,3.623239350395452
openai/gpt-4.1-mini,500,1.6577092628081673
openai/gpt-4.1-nano,10,5.477225575051663
openai/gpt-4.1-nano,20,5.47722557505166
openai/gpt-4.1-nano,30,6.236095644623238
openai/gpt-4.1-nano,40,11.59202311936963
openai/gpt-4.1-nano,50,5.0199601592044525
openai/gpt-4.1-nano,60,5.45180907793204
openai/gpt-4.1-nano,70,6.388765649999399
openai/gpt-4.1-nano,80,5.273755777432246
openai/gpt-4.1-nano,90,10.28603272091833
openai/gpt-4.1-nano,100,4.505552130427529
openai/gpt-4.1-nano,110,2.6504326794751383
openai/gpt-4.1-nano,120,3.613247231446467
openai/gpt-4.1-nano,130,2.5512498387349223
openai/gpt-4.1-nano,140,3.513821107499673
openai/gpt-4.1-nano,150,3.5087192978508717
openai/gpt-4.1-nano,160,6.774838558962125
openai/gpt-4.1-nano,170,5.477225575051661
openai/gpt-4.1-nano,180,5.719794522770556
openai/gpt-4.1-nano,190,4.450403822444147
openai/gpt-4.1-nano,200,3.615936946352909
openai/gpt-4.1-nano,210,4.909613873821716
openai/gpt-4.1-nano,220,2.3749728141114828
openai/gpt-4.1-nano,230,1.4288414543613017
openai/gpt-4.1-nano,240,7.57141921233324
openai/gpt-4.1-nano,250,4.502443780881669
openai/gpt-4.1-nano,260,3.211020225344892
openai/gpt-4.1-nano,270,2.134053376427839
openai/gpt-4.1-nano,280,0.9449111825230684
openai/gpt-4.1-nano,290,2.930020108448
openai/gpt-4.1-nano,300,1.949358868961793
openai/gpt-4.1-nano,310,2.409657986707496
openai/gpt-4.1-nano,320,2.542605700850999
openai/gpt-4.1-nano,330,3.3015008969611768
openai/gpt-4.1-nano,340,3.849459585493269
openai/gpt-4.1-nano,350,2.5682520061993417
openai/gpt-4.1-nano,360,1.7829785039868025
openai/gpt-4.1-nano,370,2.0636334236563334
openai/gpt-4.1-nano,380,1.8830046126314017
openai/gpt-4.1-nano,390,0.5903007401651947
openai/gpt-4.1-nano,400,2.6279745052035794
openai/gpt-4.1-nano,410,1.9080592405471162
openai/gpt-4.1-nano,420,2.419919228051794
openai/gpt-4.1-nano,430,2.3510236197395566
openai/gpt-4.1-nano,440,1.6118748387724688
openai/gpt-4.1-nano,450,1.8552561301992727
openai/gpt-4.1-nano,460,3.2666615228281453
openai/gpt-4.1-nano,470,36.76020689858532
openai/gpt-4.1-nano,480,0.9614983966011936
openai/gpt-4.1-nano,490,2.2606128989466097
openai/gpt-4.1-nano,500,1.7572706109191036
openai/gpt-4.5-preview,10,0.0
openai/gpt-4.5-preview,20,0.0
openai/gpt-4.5-preview,30,2.981423969999719
openai/gpt-4.5-preview,40,1.3693063937629169
openai/gpt-4.5-preview,50,1.6733200530681507
openai/gpt-4.5-preview,60,3.248931448269657
openai/gpt-4.5-preview,70,3.4106675389466674
openai/gpt-4.5-preview,80,3.952847075210475
openai/gpt-4.5-preview,90,2.2771001702132456
openai/gpt-4.5-preview,100,1.7888543819998322
openai/gpt-4.5-preview,110,4.5180995053778785
openai/gpt-4.5-preview,120,5.0346024889977326
openai/gpt-4.5-preview,130,3.541804440991178
openai/gpt-4.5-preview,140,2.691634811630968
openai/gpt-4.5-preview,150,3.3665016461206902
openai/gpt-4.5-preview,160,3.4966501826748426
openai/gpt-4.5-preview,170,3.504816261121472
openai/gpt-4.5-preview,180,6.531027559860263
openai/gpt-4.5-preview,190,2.7750371213608562
openai/gpt-4.5-preview,200,5.3221236362940685
openai/gpt-4.5-preview,210,6.970947160062977
openai/gpt-4.5-preview,220,3.656195918580037
openai/gpt-4.5-preview,230,4.682752006203918
openai/gpt-4.5-preview,240,2.612071336442918
openai/gpt-4.5-preview,250,2.7364210202379313
openai/gpt-4.5-preview,260,3.577129853411207
openai/gpt-4.5-preview,270,3.6627363896521814
openai/gpt-4.5-preview,280,5.175491695067659
openai/gpt-4.5-preview,290,4.963601162881815
openai/gpt-4.5-preview,300,4.072945971761585
openai/gpt-4.5-preview,310,3.1490877062879443
openai/gpt-4.5-preview,320,3.475640678349821
openai/gpt-4.5-preview,330,1.3312656143326551
openai/gpt-4.5-preview,340,4.653197732199664
openai/gpt-4.5-preview,350,2.2351551103551905
openai/gpt-4.5-preview,360,5.694105680980359
openai/gpt-4.5-preview,370,3.0815552029706423
openai/gpt-4.5-preview,380,5.608412754853986
openai/gpt-4.5-preview,390,6.260822319869257
openai/gpt-4.5-preview,400,4.296073788937988
openai/gpt-4.5-preview,410,2.2841043450620755
openai/gpt-4.5-preview,420,2.267536847773166
openai/gpt-4.5-preview,430,5.441562305487249
openai/gpt-4.5-preview,440,4.316387186885279
openai/gpt-4.5-preview,450,5.693834655697314
openai/gpt-4.5-preview,460,2.0941903615290927
openai/gpt-4.5-preview,470,5.658534538916613
openai/gpt-4.5-preview,480,4.600818918651572
openai/gpt-4.5-preview,490,1.8615108981210398
openai/gpt-4.5-preview,500,2.0851858430365398
openai/gpt-4o,10,8.944271909999161
openai/gpt-4o,20,8.94427190999916
openai/gpt-4o,30,4.472135954999575
openai/gpt-4o,40,10.398317171542711
openai/gpt-4o,50,6.260990336999411
openai/gpt-4o,60,14.414498873626435
openai/gpt-4o,70,9.657396446374612
openai/gpt-4o,80,6.9259475885975315
openai/gpt-4o,90,13.779569775935549
openai/gpt-4o,100,4.847679857416329
openai/gpt-4o,110,3.67029622512479
openai/gpt-4o,120,7.3739406018763125
openai/gpt-4o,130,5.923576402516446
openai/gpt-4o,140,4.243843079289414
openai/gpt-4o,150,2.431277670508062
openai/gpt-4o,160,6.679025003696273
openai/gpt-4o,170,2.5300956667772425
openai/gpt-4o,180,4.063538566202164
openai/gpt-4o,190,3.7327627845257156
openai/gpt-4o,200,5.184110338331929
openai/gpt-4o,210,4.186686598158717
openai/gpt-4o,220,6.128783196612059
openai/gpt-4o,230,3.7350837556373095
openai/gpt-4o,240,4.086733278413075
openai/gpt-4o,250,1.971801207018599
openai/gpt-4o,260,1.9686898295491886
openai/gpt-4o,270,1.4439695325642903
openai/gpt-4o,280,2.3090328393206607
openai/gpt-4o,290,3.443099563135618
openai/gpt-4o,300,1.9350567031599972
openai/gpt-4o,310,3.0517561174878236
openai/gpt-4o,320,3.0249612600825144
openai/gpt-4o,330,4.223985905867351
openai/gpt-4o,340,3.4638518871617143
openai/gpt-4o,350,5.036195519052299
openai/gpt-4o,360,2.2703129713002834
openai/gpt-4o,370,2.566856231477571
openai/gpt-4o,380,2.4923706300108583
openai/gpt-4o,390,3.3851980850388497
openai/gpt-4o,400,0.6274950199005568
openai/gpt-4o,410,1.1873816043549346
openai/gpt-4o,420,1.085881357237274
openai/gpt-4o,430,2.0005407597773552
openai/gpt-4o,440,2.7196864184821066
openai/gpt-4o,450,1.6147468555186617
openai/gpt-4o,460,1.1767277045847264
openai/gpt-4o,470,1.3506868296258618
openai/gpt-4o,480,1.4175854863503328
openai/gpt-4o,490,1.089497780819523
openai/gpt-4o,500,1.7572706109191027
openai/gpt-4o-mini,10,8.944271909999161
openai/gpt-4o-mini,20,6.519202405202649
openai/gpt-4o-mini,30,7.226494462892934
openai/gpt-4o-mini,40,7.202430145443966
openai/gpt-4o-mini,50,3.8470768123342687
openai/gpt-4o-mini,60,4.801620096962639
openai/gpt-4o-mini,70,5.30690732028763
openai/gpt-4o-mini,80,5.902859476558796
openai/gpt-4o-mini,90,4.944132324730442
openai/gpt-4o-mini,100,3.6331804249169894
openai/gpt-4o-mini,110,3.4973425566675163
openai/gpt-4o-mini,120,7.6739096221475585
openai/gpt-4o-mini,130,2.2426738057097317
openai/gpt-4o-mini,140,4.008918628686367
openai/gpt-4o-mini,150,1.801234144814173
openai/gpt-4o-mini,160,4.352621336620038
openai/gpt-4o-mini,170,2.1851971318831422
openai/gpt-4o-mini,180,3.4827617819238847
openai/gpt-4o-mini,190,3.7843532657363266
openai/gpt-4o-mini,200,6.767569726275452
openai/gpt-4o-mini,210,2.577594019566545
openai/gpt-4o-mini,220,5.118432094639727
openai/gpt-4o-mini,230,1.8446263857040375
openai/gpt-4o-mini,240,3.320286968856089
openai/gpt-4o-mini,250,1.7977764043395377
openai/gpt-4o-mini,260,1.9873862588867421
openai/gpt-4o-mini,270,2.7392388277186073
openai/gpt-4o-mini,280,2.253115756512501
openai/gpt-4o-mini,290,2.7478236983636593
openai/gpt-4o-mini,300,1.0381607668264967
openai/gpt-4o-mini,310,2.183087008475953
openai/gpt-4o-mini,320,2.567449488305466
openai/gpt-4o-mini,330,0.9437825152968146
openai/gpt-4o-mini,340,2.2495674324674053
openai/gpt-4o-mini,350,2.32642319837969
openai/gpt-4o-mini,360,1.7851410014510691
openai/gpt-4o-mini,370,1.6660578386402642
openai/gpt-4o-mini,380,1.434150167730391
openai/gpt-4o-mini,390,1.6358090161781105
openai/gpt-4o-mini,400,1.4747881203752624
openai/gpt-4o-mini,410,1.5483483168881829
openai/gpt-4o-mini,420,1.1091252094144863
openai/gpt-4o-mini,430,2.31158579344915
openai/gpt-4o-mini,440,1.152162895966962
openai/gpt-4o-mini,450,0.7856742013183862
openai/gpt-4o-mini,460,0.9794678544407662
openai/gpt-4o-mini,470,1.675320824257832
openai/gpt-4o-mini,480,0.9478594305064436
openai/gpt-4o-mini,490,1.2955567549472546
openai/gpt-4o-mini,500,0.6542170893518455
openai/o3,10,4.472135954999579
openai/o3,20,0.0
openai/o3,30,1.8257418583505514
openai/o3,40,0.0
openai/o3,50,1.095445115010332
openai/o3,60,1.1785113019775797
openai/o3,70,1.8626292586293267
openai/o3,80,1.118033988749895
openai/o3,90,2.3570226039551585
openai/o3,100,1.5165750888103104
openai/o3,110,2.6814329461368382
openai/o3,120,1.3176156917368267
openai/o3,130,1.397377086506527
openai/o3,140,2.701095771598437
openai/o3,150,2.772884579078058
openai/o3,160,4.6012905798264905
openai/o3,170,4.0198469560635
openai/o3,180,7.866556810281275
openai/o3,190,4.008301634665217
openai/o3,200,8.324662155306964
openai/o3,210,5.8650739953151065
openai/o3,220,9.105669834806
openai/o3,230,7.719075137799007
openai/o3,240,7.064927065755487
openai/o3,250,8.62832544587882
openai/o3,260,11.427673252956238
openai/o3,270,12.248568685452586
openai/o3,280,9.88260169826401
openai/o3,290,12.701643512520103
openai/o3,300,13.932376362670915
openai/o3,310,7.44944808660381
openai/o3,320,16.87731465607014
openai/o3,330,13.836245503152497
openai/o3,340,16.406123846112443
openai/o3,350,15.358837115843778
openai/o3,360,16.727435510724057
openai/o3,370,15.656325428763196
openai/o3,380,16.452525507285102
openai/o3,390,9.691832846867712
openai/o3,400,15.92109449755261
openai/o3,410,21.454682259096415
openai/o3,420,23.746702838322843
openai/o3,430,7.6585459535233085
openai/o3,440,35.2560732708471
openai/o3,450,23.038346991456777
openai/o3,460,18.939012655840106
openai/o3,470,22.944024234559475
openai/o3,480,22.801985780969947
openai/o3,490,24.531172529171464
openai/o3,500,7.9704454078802875
openai/o3-high-reasoning,10,0.0
openai/o3-high-reasoning,20,0.0
openai/o3-high-reasoning,30,1.490711984999856
openai/o3-high-reasoning,40,1.1180339887498958
openai/o3-high-reasoning,50,0.8944271909999173
openai/o3-high-reasoning,60,0.7453559924999358
openai/o3-high-reasoning,70,0.6388765649999335
openai/o3-high-reasoning,80,0.5590169943749485
openai/o3-high-reasoning,90,0.496903994999952
openai/o3-high-reasoning,100,1.4832396974191326
openai/o3-high-reasoning,110,2.28180007236566
openai/o3-high-reasoning,120,1.1180339887498998
openai/o3-high-reasoning,130,1.8525530121218925
openai/o3-high-reasoning,140,1.1736911946539312
openai/o3-high-reasoning,150,1.2110601416389934
openai/o3-high-reasoning,160,2.2963966338592297
openai/o3-high-reasoning,170,1.9773807428201928
openai/o3-high-reasoning,180,1.3028932666176167
openai/o3-high-reasoning,190,1.4122534594735539
openai/o3-high-reasoning,200,5.164784603446691
openai/o3-high-reasoning,210,2.7643667187999985
openai/o3-high-reasoning,220,2.263618108725223
openai/o3-high-reasoning,230,5.390252351780848
openai/o3-high-reasoning,240,1.6925080009658218
openai/o3-high-reasoning,250,1.5388307249337079
openai/o3-high-reasoning,260,1.504431324277534
openai/o3-high-reasoning,270,4.724218895235068
openai/o3-high-reasoning,280,10.367605552776357
openai/o3-high-reasoning,290,7.00178336379268
openai/o3-high-reasoning,300,10.334408546211053
openai/o3-high-reasoning,310,4.765030439404303
openai/o3-high-reasoning,320,14.23505246741297
openai/o3-high-reasoning,330,9.259381694935852
openai/o3-high-reasoning,340,1.5479643961106837
openai/o3-high-reasoning,350,14.132896925620173
openai/o3-high-reasoning,360,8.042614125724834
openai/o3-high-reasoning,370,8.819263065735385
openai/o3-high-reasoning,380,11.153363032072782
openai/o3-high-reasoning,390,9.377688817423627
openai/o3-high-reasoning,400,13.112295438506054
openai/o3-high-reasoning,410,7.0174423633558956
openai/o3-high-reasoning,420,13.77828980103372
openai/o3-high-reasoning,430,23.58912308588558
openai/o3-high-reasoning,440,19.70311675642601
openai/o3-high-reasoning,450,11.882137231373203
openai/o3-high-reasoning,460,27.603845288875952
openai/o3-high-reasoning,470,23.400386527434076
openai/o3-high-reasoning,480,5.7442981995675995
openai/o3-high-reasoning,490,26.062324515056993
openai/o3-high-reasoning,500,10.556988206870367
openai/o4-mini,10,0.0
openai/o4-mini,20,0.0
openai/o4-mini,30,0.0
openai/o4-mini,40,1.1180339887498938
openai/o4-mini,50,0.8944271909999153
openai/o4-mini,60,0.7453559924999358
openai/o4-mini,70,0.6388765649999321
openai/o4-mini,80,1.6298006013006614
openai/o4-mini,90,1.4487116456005869
openai/o4-mini,100,1.7888543819998306
openai/o4-mini,110,2.917601188342038
openai/o4-mini,120,5.845225972250062
openai/o4-mini,130,2.9990136445566073
openai/o4-mini,140,5.90312957468411
openai/o4-mini,150,10.364469220477345
openai/o4-mini,160,2.0058508169851517
openai/o4-mini,170,2.460764783923749
openai/o4-mini,180,9.390368062311458
openai/o4-mini,190,5.070145085807284
openai/o4-mini,200,11.241663577958558
openai/o4-mini,210,10.698930796177995
openai/o4-mini,220,1.777964292327992
openai/o4-mini,230,4.746902283115195
openai/o4-mini,240,5.911676299212155
openai/o4-mini,250,9.69535971483266
openai/o4-mini,260,18.791128462009397
openai/o4-mini,270,17.583038341293165
openai/o4-mini,280,4.051643657397646
openai/o4-mini,290,19.27860692319157
openai/o4-mini,300,16.709278859364336
openai/o4-mini,310,14.803605039462928
openai/o4-mini,320,17.22949415247006
openai/o4-mini,330,10.715881642476925
openai/o4-mini,340,20.885873771125567
openai/o4-mini,350,19.461526672082105
openai/o4-mini,360,14.96575308603275
openai/o4-mini,370,18.179166750028642
openai/o4-mini,380,4.974310737481061
openai/o4-mini,390,17.373001188128345
openai/o4-mini,400,9.431330765061738
openai/o4-mini,410,21.937936360444382
openai/o4-mini,420,11.144281553239242
openai/o4-mini,430,23.085773704582877
openai/o4-mini,440,21.092574385666534
openai/o4-mini,450,14.842049041594167
openai/o4-mini,460,20.379202861318195
openai/o4-mini,470,14.714269703618298
openai/o4-mini,480,5.039772371402856
openai/o4-mini,490,9.34038626040403
openai/o4-mini,500,2.605379051117129
qwen/qwen3-235b-a22b,10,0.0
qwen/qwen3-235b-a22b,20,2.2360679774997907
qwen/qwen3-235b-a22b,30,5.477225575051661
qwen/qwen3-235b-a22b,40,2.850438562747845
qwen/qwen3-235b-a22b,50,5.21536192416212
qwen/qwen3-235b-a22b,60,4.564354645876381
qwen/qwen3-235b-a22b,70,6.670067159959284
qwen/qwen3-235b-a22b,80,5.968668193156661
qwen/qwen3-235b-a22b,90,9.142223302544096
qwen/qwen3-235b-a22b,100,6.50384501660364
qwen/qwen3-235b-a22b,110,9.284306495772203
qwen/qwen3-235b-a22b,120,7.509253550712534
qwen/qwen3-235b-a22b,130,10.257051262020477
qwen/qwen3-235b-a22b,140,13.492250232134396
qwen/qwen3-235b-a22b,150,3.9327683210006974
qwen/qwen3-235b-a22b,160,2.2273162101506805
qwen/qwen3-235b-a22b,170,3.9151908923044094
qwen/qwen3-235b-a22b,180,4.260064336151293
qwen/qwen3-235b-a22b,190,2.8489197058367104
qwen/qwen3-235b-a22b,200,8.670351780637278
qwen/qwen3-235b-a22b,210,5.099908851615344
qwen/qwen3-235b-a22b,220,5.771116453855957
qwen/qwen3-235b-a22b,230,13.417112341770208
qwen/qwen3-235b-a22b,240,5.997684738482196
qwen/qwen3-235b-a22b,250,5.528109984434101
qwen/qwen3-235b-a22b,260,3.4572623160375744
qwen/qwen3-235b-a22b,270,4.436721685448497
qwen/qwen3-235b-a22b,280,10.074974046657204
qwen/qwen3-235b-a22b,290,6.890514598980499
qwen/qwen3-235b-a22b,300,2.5011108643072086
qwen/qwen3-235b-a22b,310,3.492224155541767
qwen/qwen3-235b-a22b,320,7.80749839897518
qwen/qwen3-235b-a22b,330,4.023576067502954
qwen/qwen3-235b-a22b,340,2.8515763867154895
qwen/qwen3-235b-a22b,350,2.160876617278747
qwen/qwen3-235b-a22b,360,4.318528841865557
qwen/qwen3-235b-a22b,370,3.788606964561132
qwen/qwen3-235b-a22b,380,2.8911460983099517
qwen/qwen3-235b-a22b,390,32.695072784020525
qwen/qwen3-235b-a22b,400,6.667552024543942
qwen/qwen3-235b-a22b,410,6.689332874137101
qwen/qwen3-235b-a22b,420,4.223758522266841
qwen/qwen3-235b-a22b,430,2.8224932880834905
qwen/qwen3-235b-a22b,440,5.1285137118430315
qwen/qwen3-235b-a22b,450,5.823324747179322
qwen/qwen3-235b-a22b,460,2.8700592460111984
qwen/qwen3-235b-a22b,470,3.4622715926481686
qwen/qwen3-235b-a22b,480,4.354116825871043
qwen/qwen3-235b-a22b,490,4.214668658788448
qwen/qwen3-235b-a22b,500,1.360882066896321
x-ai/grok-3-beta,10,0.0
x-ai/grok-3-beta,20,0.0
x-ai/grok-3-beta,30,0.0
x-ai/grok-3-beta,40,0.0
x-ai/grok-3-beta,50,0.0
x-ai/grok-3-beta,60,0.7453559924999358
x-ai/grok-3-beta,70,0.6388765649999321
x-ai/grok-3-beta,80,1.118033988749895
x-ai/grok-3-beta,90,0.9296222517045323
x-ai/grok-3-beta,100,1.0954451150103335
x-ai/grok-3-beta,110,0.6428243465332307
x-ai/grok-3-beta,120,2.2360679774997863
x-ai/grok-3-beta,130,0.6435846357954395
x-ai/grok-3-beta,140,2.236067977499795
x-ai/grok-3-beta,150,2.3758039574940617
x-ai/grok-3-beta,160,2.3634588001486296
x-ai/grok-3-beta,170,1.1004874666982214
x-ai/grok-3-beta,180,3.068155838107573
x-ai/grok-3-beta,190,3.0553526892
x-ai/grok-3-beta,200,4.000000000000001
x-ai/grok-3-beta,210,4.319968925730175
x-ai/grok-3-beta,220,6.185827576801454
x-ai/grok-3-beta,230,3.590577882097845
x-ai/grok-3-beta,240,3.946253497517195
x-ai/grok-3-beta,250,4.574713105758659
x-ai/grok-3-beta,260,1.3042942275240887
x-ai/grok-3-beta,270,7.757469076614017
x-ai/grok-3-beta,280,4.679798094371346
x-ai/grok-3-beta,290,5.064389207983582
x-ai/grok-3-beta,300,2.3851391759997793
x-ai/grok-3-beta,310,6.089003410987865
x-ai/grok-3-beta,320,3.258102879744592
x-ai/grok-3-beta,330,6.06287836190215
x-ai/grok-3-beta,340,3.7110141871970623
x-ai/grok-3-beta,350,6.393874619748276
x-ai/grok-3-beta,360,4.270014600836635
x-ai/grok-3-beta,370,4.055855455633315
x-ai/grok-3-beta,380,10.304572311664167
x-ai/grok-3-beta,390,4.191347023938991
x-ai/grok-3-beta,400,5.652985936653301
x-ai/grok-3-beta,410,7.038180907156052
x-ai/grok-3-beta,420,6.872667610957406
x-ai/grok-3-beta,430,6.1923381189276006
x-ai/grok-3-beta,440,3.437758254761645
x-ai/grok-3-beta,450,5.627533722908207
x-ai/grok-3-beta,460,5.1595525956004655
x-ai/grok-3-beta,470,1.522429261276455
x-ai/grok-3-beta,480,5.0616854625927
x-ai/grok-3-beta,490,7.916420968443017
x-ai/grok-3-beta,500,2.7408028021001494
x-ai/grok-3-mini-beta,10,0.0
x-ai/grok-3-mini-beta,20,2.738612787525829
x-ai/grok-3-mini-beta,30,0.0
x-ai/grok-3-mini-beta,40,1.3693063937629153
x-ai/grok-3-mini-beta,50,1.0954451150103335
x-ai/grok-3-mini-beta,60,1.6666666666666607
x-ai/grok-3-mini-beta,70,1.0101525445522093
x-ai/grok-3-mini-beta,80,2.0539595906443715
x-ai/grok-3-mini-beta,90,3.0832082056692482
x-ai/grok-3-mini-beta,100,3.346640106136303
x-ai/grok-3-mini-beta,110,4.3881885040535185
x-ai/grok-3-mini-beta,120,6.362869722940357
x-ai/grok-3-mini-beta,130,4.472135954999577
x-ai/grok-3-mini-beta,140,4.938396004983885
x-ai/grok-3-mini-beta,150,2.8518999514943286
x-ai/grok-3-mini-beta,160,3.6282313184249992
x-ai/grok-3-mini-beta,170,5.015546764068756
x-ai/grok-3-mini-beta,180,5.27923956364649
x-ai/grok-3-mini-beta,190,3.542382877992381
x-ai/grok-3-mini-beta,200,9.993748045653346
x-ai/grok-3-mini-beta,210,8.113424948755794
x-ai/grok-3-mini-beta,220,4.319377824801672
x-ai/grok-3-mini-beta,230,3.2969023669789315
x-ai/grok-3-mini-beta,240,7.031674369909663
x-ai/grok-3-mini-beta,250,1.93080294178354
x-ai/grok-3-mini-beta,260,3.8230072737812852
x-ai/grok-3-mini-beta,270,6.093690095903371
x-ai/grok-3-mini-beta,280,7.827052772406789
x-ai/grok-3-mini-beta,290,2.847699699594842
x-ai/grok-3-mini-beta,300,3.6408179789101722
x-ai/grok-3-mini-beta,310,2.843471080134067
x-ai/grok-3-mini-beta,320,4.9833707844189155
x-ai/grok-3-mini-beta,330,2.132007163556106
x-ai/grok-3-mini-beta,340,2.899707657380293
x-ai/grok-3-mini-beta,350,9.239224280540139
x-ai/grok-3-mini-beta,360,0.9419902754340659
x-ai/grok-3-mini-beta,370,4.454952677651794
x-ai/grok-3-mini-beta,380,6.708203932499367
x-ai/grok-3-mini-beta,390,3.5343714748949258
x-ai/grok-3-mini-beta,400,2.589642832515712
x-ai/grok-3-mini-beta,410,1.5290173676739005
x-ai/grok-3-mini-beta,420,2.6481071835046253
x-ai/grok-3-mini-beta,430,4.272365830435776
x-ai/grok-3-mini-beta,440,5.593402991452823
x-ai/grok-3-mini-beta,450,1.761032244991908
x-ai/grok-3-mini-beta,460,3.0566485223257045
x-ai/grok-3-mini-beta,470,2.568218191830875
x-ai/grok-3-mini-beta,480,3.512749595718749
x-ai/grok-3-mini-beta,490,4.5244488321215055
x-ai/grok-3-mini-beta,500,3.0344686520048247
