model,num_rules,recency_ratio
anthropic/claude-3.5-haiku,10,0.0
anthropic/claude-3.5-haiku,20,
anthropic/claude-3.5-haiku,30,0.0
anthropic/claude-3.5-haiku,40,1.111111111111111
anthropic/claude-3.5-haiku,50,2.15
anthropic/claude-3.5-haiku,60,1.3599999999999999
anthropic/claude-3.5-haiku,70,1.2846153846153847
anthropic/claude-3.5-haiku,80,1.5973015873015872
anthropic/claude-3.5-haiku,90,1.8571428571428572
anthropic/claude-3.5-haiku,100,1.7373917748917749
anthropic/claude-3.5-haiku,110,1.5133458646616542
anthropic/claude-3.5-haiku,120,1.6043141741822589
anthropic/claude-3.5-haiku,130,1.5364899806076278
anthropic/claude-3.5-haiku,140,1.6843711843711844
anthropic/claude-3.5-haiku,150,1.7866731078904992
anthropic/claude-3.5-haiku,160,1.729022988505747
anthropic/claude-3.5-haiku,170,1.9429821827437537
anthropic/claude-3.5-haiku,180,1.7197502736726875
anthropic/claude-3.5-haiku,190,1.7624536630372796
anthropic/claude-3.5-haiku,200,1.6900609111135427
anthropic/claude-3.5-haiku,210,1.6698901808785531
anthropic/claude-3.5-haiku,220,1.501990014742757
anthropic/claude-3.5-haiku,230,1.5543009337842164
anthropic/claude-3.5-haiku,240,1.4399371696305363
anthropic/claude-3.5-haiku,250,1.4808792569659441
anthropic/claude-3.5-haiku,260,1.368313113291704
anthropic/claude-3.5-haiku,270,1.4033384536610343
anthropic/claude-3.5-haiku,280,1.40211944864511
anthropic/claude-3.5-haiku,290,1.4068112239662378
anthropic/claude-3.5-haiku,300,1.3843056341030486
anthropic/claude-3.5-haiku,310,1.4055494591344304
anthropic/claude-3.5-haiku,320,1.3820313431222102
anthropic/claude-3.5-haiku,330,1.347392722098474
anthropic/claude-3.5-haiku,340,1.3529519700220267
anthropic/claude-3.5-haiku,350,1.3515390213892087
anthropic/claude-3.5-haiku,360,1.316106042994846
anthropic/claude-3.5-haiku,370,1.24010901090109
anthropic/claude-3.5-haiku,380,1.2927758759356887
anthropic/claude-3.5-haiku,390,1.2648224098521248
anthropic/claude-3.5-haiku,400,1.244686962046962
anthropic/claude-3.5-haiku,410,1.2362550232938583
anthropic/claude-3.5-haiku,420,1.2175914771636134
anthropic/claude-3.5-haiku,430,1.2062967139238325
anthropic/claude-3.5-haiku,440,1.2047739836693445
anthropic/claude-3.5-haiku,450,1.183961494680422
anthropic/claude-3.5-haiku,460,1.2140041961254033
anthropic/claude-3.5-haiku,470,1.1933996114335026
anthropic/claude-3.5-haiku,480,1.1824491419178536
anthropic/claude-3.5-haiku,490,1.1713625725260535
anthropic/claude-3.5-haiku,500,1.1665582524893934
anthropic/claude-3.7-sonnet,10,
anthropic/claude-3.7-sonnet,20,
anthropic/claude-3.7-sonnet,30,
anthropic/claude-3.7-sonnet,40,0.0
anthropic/claude-3.7-sonnet,50,0.0
anthropic/claude-3.7-sonnet,60,0.0
anthropic/claude-3.7-sonnet,70,1.0
anthropic/claude-3.7-sonnet,80,2.0
anthropic/claude-3.7-sonnet,90,2.0
anthropic/claude-3.7-sonnet,100,2.666666666666667
anthropic/claude-3.7-sonnet,110,1.375
anthropic/claude-3.7-sonnet,120,3.375
anthropic/claude-3.7-sonnet,130,2.1666666666666665
anthropic/claude-3.7-sonnet,140,4.15
anthropic/claude-3.7-sonnet,150,3.04
anthropic/claude-3.7-sonnet,160,2.75
anthropic/claude-3.7-sonnet,170,6.466666666666667
anthropic/claude-3.7-sonnet,180,6.3
anthropic/claude-3.7-sonnet,190,2.042857142857143
anthropic/claude-3.7-sonnet,200,3.620300751879699
anthropic/claude-3.7-sonnet,210,1.9333333333333336
anthropic/claude-3.7-sonnet,220,1.8307164831555074
anthropic/claude-3.7-sonnet,230,1.9743939393939396
anthropic/claude-3.7-sonnet,240,1.7145299145299144
anthropic/claude-3.7-sonnet,250,1.768095238095238
anthropic/claude-3.7-sonnet,260,2.7303045089003346
anthropic/claude-3.7-sonnet,270,1.706614145658263
anthropic/claude-3.7-sonnet,280,1.5539602047715637
anthropic/claude-3.7-sonnet,290,1.5952510234863175
anthropic/claude-3.7-sonnet,300,1.7442436790262879
anthropic/claude-3.7-sonnet,310,1.4433053221288517
anthropic/claude-3.7-sonnet,320,1.5627609427609426
anthropic/claude-3.7-sonnet,330,1.4522083772083774
anthropic/claude-3.7-sonnet,340,1.645796687238581
anthropic/claude-3.7-sonnet,350,1.572722710984906
anthropic/claude-3.7-sonnet,360,1.5348089413878887
anthropic/claude-3.7-sonnet,370,1.4332444847233279
anthropic/claude-3.7-sonnet,380,1.2546247044917258
anthropic/claude-3.7-sonnet,390,1.627190476190476
anthropic/claude-3.7-sonnet,400,1.4359242681054114
anthropic/claude-3.7-sonnet,410,1.4211904761904761
anthropic/claude-3.7-sonnet,420,1.505095994904536
anthropic/claude-3.7-sonnet,430,1.362177544076709
anthropic/claude-3.7-sonnet,440,1.4401974223230605
anthropic/claude-3.7-sonnet,450,1.4925560583207642
anthropic/claude-3.7-sonnet,460,1.3856104458921361
anthropic/claude-3.7-sonnet,470,1.384858771293311
anthropic/claude-3.7-sonnet,480,1.6279337107813727
anthropic/claude-3.7-sonnet,490,1.4813179728073345
anthropic/claude-3.7-sonnet,500,1.3931885067567227
anthropic/claude-opus-4,10,
anthropic/claude-opus-4,20,
anthropic/claude-opus-4,30,
anthropic/claude-opus-4,40,0.0
anthropic/claude-opus-4,50,
anthropic/claude-opus-4,60,0.5
anthropic/claude-opus-4,70,
anthropic/claude-opus-4,80,1.25
anthropic/claude-opus-4,90,1.75
anthropic/claude-opus-4,100,0.2777777777777778
anthropic/claude-opus-4,110,2.5
anthropic/claude-opus-4,120,0.9400000000000001
anthropic/claude-opus-4,130,1.6
anthropic/claude-opus-4,140,1.3666666666666667
anthropic/claude-opus-4,150,1.6533333333333335
anthropic/claude-opus-4,160,1.6133333333333333
anthropic/claude-opus-4,170,1.8347619047619048
anthropic/claude-opus-4,180,1.5391219891219892
anthropic/claude-opus-4,190,2.1101027077497667
anthropic/claude-opus-4,200,2.0285714285714285
anthropic/claude-opus-4,210,1.4045763656633221
anthropic/claude-opus-4,220,1.4690105908584168
anthropic/claude-opus-4,230,1.3632490118577076
anthropic/claude-opus-4,240,1.6349358974358974
anthropic/claude-opus-4,250,1.4923640297324507
anthropic/claude-opus-4,260,1.1115833894872362
anthropic/claude-opus-4,270,1.3599571150097467
anthropic/claude-opus-4,280,1.310331154684096
anthropic/claude-opus-4,290,1.3574396034073453
anthropic/claude-opus-4,300,1.227161805470629
anthropic/claude-opus-4,310,1.1051327449898878
anthropic/claude-opus-4,320,1.2705604575163398
anthropic/claude-opus-4,330,1.366227758213411
anthropic/claude-opus-4,340,1.3156279901886947
anthropic/claude-opus-4,350,1.3098273270972967
anthropic/claude-opus-4,360,1.273689160096016
anthropic/claude-opus-4,370,1.1901853751526175
anthropic/claude-opus-4,380,1.0991816289357272
anthropic/claude-opus-4,390,1.1636802413273002
anthropic/claude-opus-4,400,1.1705064221376777
anthropic/claude-opus-4,410,1.0495231702912913
anthropic/claude-opus-4,420,1.1604412165873363
anthropic/claude-opus-4,430,1.0329536225538316
anthropic/claude-opus-4,440,1.0691434331750966
anthropic/claude-opus-4,450,1.0547262721932131
anthropic/claude-opus-4,460,1.1104126434947532
anthropic/claude-opus-4,470,1.1574318350463935
anthropic/claude-opus-4,480,1.1872429372663067
anthropic/claude-opus-4,490,0.90636355896126
anthropic/claude-opus-4,500,1.1137793589933913
anthropic/claude-opus-4-high-reasoning,10,2.0
anthropic/claude-opus-4-high-reasoning,20,
anthropic/claude-opus-4-high-reasoning,30,
anthropic/claude-opus-4-high-reasoning,40,2.9999999999999996
anthropic/claude-opus-4-high-reasoning,50,
anthropic/claude-opus-4-high-reasoning,60,0.0
anthropic/claude-opus-4-high-reasoning,70,1.0
anthropic/claude-opus-4-high-reasoning,80,0.9923076923076923
anthropic/claude-opus-4-high-reasoning,90,0.7836538461538461
anthropic/claude-opus-4-high-reasoning,100,0.6805555555555555
anthropic/claude-opus-4-high-reasoning,110,0.38749999999999996
anthropic/claude-opus-4-high-reasoning,120,0.3125
anthropic/claude-opus-4-high-reasoning,130,0.7916666666666667
anthropic/claude-opus-4-high-reasoning,140,0.5875
anthropic/claude-opus-4-high-reasoning,150,1.1890476190476191
anthropic/claude-opus-4-high-reasoning,160,1.334025974025974
anthropic/claude-opus-4-high-reasoning,170,1.2772727272727273
anthropic/claude-opus-4-high-reasoning,180,1.019047619047619
anthropic/claude-opus-4-high-reasoning,190,1.4549999999999998
anthropic/claude-opus-4-high-reasoning,200,1.9262745098039216
anthropic/claude-opus-4-high-reasoning,210,1.1517112299465242
anthropic/claude-opus-4-high-reasoning,220,1.4911354196851154
anthropic/claude-opus-4-high-reasoning,230,1.353332917082917
anthropic/claude-opus-4-high-reasoning,240,1.0704145854145852
anthropic/claude-opus-4-high-reasoning,250,0.9505718954248366
anthropic/claude-opus-4-high-reasoning,260,1.3429771856495996
anthropic/claude-opus-4-high-reasoning,270,1.3556862745098042
anthropic/claude-opus-4-high-reasoning,280,1.2776767676767675
anthropic/claude-opus-4-high-reasoning,290,0.6553660049627792
anthropic/claude-opus-4-high-reasoning,300,1.4262380088151414
anthropic/claude-opus-4-high-reasoning,310,1.1909666893784538
anthropic/claude-opus-4-high-reasoning,320,1.1752362539421364
anthropic/claude-opus-4-high-reasoning,330,1.2263253192212613
anthropic/claude-opus-4-high-reasoning,340,1.2870307728447263
anthropic/claude-opus-4-high-reasoning,350,1.1968704589394243
anthropic/claude-opus-4-high-reasoning,360,1.2661284184564565
anthropic/claude-opus-4-high-reasoning,370,1.2519828867292542
anthropic/claude-opus-4-high-reasoning,380,1.057798457283317
anthropic/claude-opus-4-high-reasoning,390,1.2477889983579638
anthropic/claude-opus-4-high-reasoning,400,1.1620852923890683
anthropic/claude-opus-4-high-reasoning,410,1.1805034474220522
anthropic/claude-opus-4-high-reasoning,420,1.1303813341366598
anthropic/claude-opus-4-high-reasoning,430,1.1837577815506508
anthropic/claude-opus-4-high-reasoning,440,0.7148172649654034
anthropic/claude-opus-4-high-reasoning,450,1.0471914461805816
anthropic/claude-opus-4-high-reasoning,460,1.1079098639455782
anthropic/claude-opus-4-high-reasoning,470,0.9356621642009946
anthropic/claude-opus-4-high-reasoning,480,1.0333815326651654
anthropic/claude-opus-4-high-reasoning,490,1.0449936591552045
anthropic/claude-opus-4-high-reasoning,500,1.0431937751004017
anthropic/claude-sonnet-4,10,
anthropic/claude-sonnet-4,20,
anthropic/claude-sonnet-4,30,
anthropic/claude-sonnet-4,40,
anthropic/claude-sonnet-4,50,0.0
anthropic/claude-sonnet-4,60,
anthropic/claude-sonnet-4,70,1.0
anthropic/claude-sonnet-4,80,0.8333333333333334
anthropic/claude-sonnet-4,90,1.0625
anthropic/claude-sonnet-4,100,0.5066666666666666
anthropic/claude-sonnet-4,110,1.125
anthropic/claude-sonnet-4,120,1.55
anthropic/claude-sonnet-4,130,1.0533333333333332
anthropic/claude-sonnet-4,140,1.1099999999999999
anthropic/claude-sonnet-4,150,2.3555555555555556
anthropic/claude-sonnet-4,160,0.8495238095238096
anthropic/claude-sonnet-4,170,1.869047619047619
anthropic/claude-sonnet-4,180,1.3666666666666667
anthropic/claude-sonnet-4,190,0.6
anthropic/claude-sonnet-4,200,1.5063247863247864
anthropic/claude-sonnet-4,210,1.254040404040404
anthropic/claude-sonnet-4,220,1.0159070131905445
anthropic/claude-sonnet-4,230,1.969640163757811
anthropic/claude-sonnet-4,240,0.9529950683159513
anthropic/claude-sonnet-4,250,1.1539612433602202
anthropic/claude-sonnet-4,260,0.9235571835571836
anthropic/claude-sonnet-4,270,1.126503795721187
anthropic/claude-sonnet-4,280,0.5800986904633468
anthropic/claude-sonnet-4,290,1.0692337164750958
anthropic/claude-sonnet-4,300,0.7668550382366173
anthropic/claude-sonnet-4,310,0.8991319551157279
anthropic/claude-sonnet-4,320,1.140125368683783
anthropic/claude-sonnet-4,330,1.3795138386323795
anthropic/claude-sonnet-4,340,1.2413722369584437
anthropic/claude-sonnet-4,350,2.601154685814987
anthropic/claude-sonnet-4,360,1.1373562171672118
anthropic/claude-sonnet-4,370,1.0921964608680836
anthropic/claude-sonnet-4,380,1.1553086073392436
anthropic/claude-sonnet-4,390,1.2250231166170447
anthropic/claude-sonnet-4,400,1.2131085875052219
anthropic/claude-sonnet-4,410,1.181403227285386
anthropic/claude-sonnet-4,420,1.1701951008277491
anthropic/claude-sonnet-4,430,1.0807443525085367
anthropic/claude-sonnet-4,440,1.205877502907509
anthropic/claude-sonnet-4,450,1.1305934220491183
anthropic/claude-sonnet-4,460,1.1168922933196423
anthropic/claude-sonnet-4,470,1.1208372060429022
anthropic/claude-sonnet-4,480,1.1540448376765513
anthropic/claude-sonnet-4,490,1.1237601454969877
anthropic/claude-sonnet-4,500,1.1750205271326553
anthropic/claude-sonnet-4-high-reasoning,10,
anthropic/claude-sonnet-4-high-reasoning,20,
anthropic/claude-sonnet-4-high-reasoning,30,
anthropic/claude-sonnet-4-high-reasoning,40,
anthropic/claude-sonnet-4-high-reasoning,50,
anthropic/claude-sonnet-4-high-reasoning,60,0.25
anthropic/claude-sonnet-4-high-reasoning,70,0.0
anthropic/claude-sonnet-4-high-reasoning,80,0.08333333333333333
anthropic/claude-sonnet-4-high-reasoning,90,1.125
anthropic/claude-sonnet-4-high-reasoning,100,3.3333333333333335
anthropic/claude-sonnet-4-high-reasoning,110,1.0
anthropic/claude-sonnet-4-high-reasoning,120,0.9999999999999999
anthropic/claude-sonnet-4-high-reasoning,130,0.89
anthropic/claude-sonnet-4-high-reasoning,140,0.6799999999999999
anthropic/claude-sonnet-4-high-reasoning,150,0.6301587301587301
anthropic/claude-sonnet-4-high-reasoning,160,0.9209523809523809
anthropic/claude-sonnet-4-high-reasoning,170,0.6178362573099415
anthropic/claude-sonnet-4-high-reasoning,180,0.6420634920634921
anthropic/claude-sonnet-4-high-reasoning,190,0.4561438561438561
anthropic/claude-sonnet-4-high-reasoning,200,0.7609523809523809
anthropic/claude-sonnet-4-high-reasoning,210,0.4804473304473305
anthropic/claude-sonnet-4-high-reasoning,220,0.512549019607843
anthropic/claude-sonnet-4-high-reasoning,230,1.0299159663865545
anthropic/claude-sonnet-4-high-reasoning,240,0.5810452705189547
anthropic/claude-sonnet-4-high-reasoning,250,0.49215251989389913
anthropic/claude-sonnet-4-high-reasoning,260,0.5404702824057663
anthropic/claude-sonnet-4-high-reasoning,270,0.978055028462998
anthropic/claude-sonnet-4-high-reasoning,280,0.5539035676966712
anthropic/claude-sonnet-4-high-reasoning,290,0.7029169024712318
anthropic/claude-sonnet-4-high-reasoning,300,3.172789490065032
anthropic/claude-sonnet-4-high-reasoning,310,0.9437547192790159
anthropic/claude-sonnet-4-high-reasoning,320,0.9425896484720013
anthropic/claude-sonnet-4-high-reasoning,330,0.7213082039911308
anthropic/claude-sonnet-4-high-reasoning,340,0.8659073842302879
anthropic/claude-sonnet-4-high-reasoning,350,3.9609523809523806
anthropic/claude-sonnet-4-high-reasoning,360,1.0441862945895204
anthropic/claude-sonnet-4-high-reasoning,370,1.0548265987498475
anthropic/claude-sonnet-4-high-reasoning,380,0.8444757213230119
anthropic/claude-sonnet-4-high-reasoning,390,1.1192163893680396
anthropic/claude-sonnet-4-high-reasoning,400,1.1141419046353258
anthropic/claude-sonnet-4-high-reasoning,410,0.9873030384915632
anthropic/claude-sonnet-4-high-reasoning,420,0.5449050727598866
anthropic/claude-sonnet-4-high-reasoning,430,1.018068557116692
anthropic/claude-sonnet-4-high-reasoning,440,1.0756119163389264
anthropic/claude-sonnet-4-high-reasoning,450,1.0305059499154634
anthropic/claude-sonnet-4-high-reasoning,460,1.1450888226856448
anthropic/claude-sonnet-4-high-reasoning,470,1.0847436074051309
anthropic/claude-sonnet-4-high-reasoning,480,1.172166539039678
anthropic/claude-sonnet-4-high-reasoning,490,1.073449516666748
anthropic/claude-sonnet-4-high-reasoning,500,1.120096267608264
deepseek/deepseek-r1-0528,10,0.0
deepseek/deepseek-r1-0528,20,
deepseek/deepseek-r1-0528,30,0.0
deepseek/deepseek-r1-0528,40,
deepseek/deepseek-r1-0528,50,0.8333333333333334
deepseek/deepseek-r1-0528,60,1.4166666666666665
deepseek/deepseek-r1-0528,70,1.25
deepseek/deepseek-r1-0528,80,0.8833333333333333
deepseek/deepseek-r1-0528,90,1.7566666666666666
deepseek/deepseek-r1-0528,100,1.2366666666666668
deepseek/deepseek-r1-0528,110,1.0911111111111111
deepseek/deepseek-r1-0528,120,1.3433333333333333
deepseek/deepseek-r1-0528,130,1.4051948051948053
deepseek/deepseek-r1-0528,140,1.6149206349206349
deepseek/deepseek-r1-0528,150,1.7339438339438342
deepseek/deepseek-r1-0528,160,1.989939091915836
deepseek/deepseek-r1-0528,170,1.6919934640522876
deepseek/deepseek-r1-0528,180,1.670004432272234
deepseek/deepseek-r1-0528,190,1.770359052711994
deepseek/deepseek-r1-0528,200,1.7810654562828474
deepseek/deepseek-r1-0528,210,1.6612380952380952
deepseek/deepseek-r1-0528,220,1.6403090891529026
deepseek/deepseek-r1-0528,230,1.5278657138404683
deepseek/deepseek-r1-0528,240,1.7690137448758136
deepseek/deepseek-r1-0528,250,1.5467481346964846
deepseek/deepseek-r1-0528,260,1.4355709165386583
deepseek/deepseek-r1-0528,270,1.3317066798269805
deepseek/deepseek-r1-0528,280,1.531726696445925
deepseek/deepseek-r1-0528,290,1.3572943722943722
deepseek/deepseek-r1-0528,300,1.4229159891598915
deepseek/deepseek-r1-0528,310,1.3284110298207334
deepseek/deepseek-r1-0528,320,1.5358489181130055
deepseek/deepseek-r1-0528,330,1.4185465297230002
deepseek/deepseek-r1-0528,340,1.4635586351029337
deepseek/deepseek-r1-0528,350,1.370868854969372
deepseek/deepseek-r1-0528,360,1.429504731912743
deepseek/deepseek-r1-0528,370,1.3598149512423312
deepseek/deepseek-r1-0528,380,1.4093334443334444
deepseek/deepseek-r1-0528,390,1.2815975903210168
deepseek/deepseek-r1-0528,400,1.2635710075092113
deepseek/deepseek-r1-0528,410,1.2962487064787405
deepseek/deepseek-r1-0528,420,1.247410572724929
deepseek/deepseek-r1-0528,430,1.279410371217586
deepseek/deepseek-r1-0528,440,1.2352788467060163
deepseek/deepseek-r1-0528,450,1.2883726150392818
deepseek/deepseek-r1-0528,460,1.2466803377286286
deepseek/deepseek-r1-0528,470,1.2284342460742679
deepseek/deepseek-r1-0528,480,1.26513597022205
deepseek/deepseek-r1-0528,490,1.2027271094213952
deepseek/deepseek-r1-0528,500,1.2516173016882077
google/gemini-2.5-flash-preview-05-20,10,
google/gemini-2.5-flash-preview-05-20,20,
google/gemini-2.5-flash-preview-05-20,30,
google/gemini-2.5-flash-preview-05-20,40,0.0
google/gemini-2.5-flash-preview-05-20,50,
google/gemini-2.5-flash-preview-05-20,60,1.708333333333333
google/gemini-2.5-flash-preview-05-20,70,2.1666666666666665
google/gemini-2.5-flash-preview-05-20,80,5.3
google/gemini-2.5-flash-preview-05-20,90,5.4375
google/gemini-2.5-flash-preview-05-20,100,2.6499999999999995
google/gemini-2.5-flash-preview-05-20,110,1.8399999999999999
google/gemini-2.5-flash-preview-05-20,120,2.95
google/gemini-2.5-flash-preview-05-20,130,3.7299999999999995
google/gemini-2.5-flash-preview-05-20,140,4.141666666666667
google/gemini-2.5-flash-preview-05-20,150,4.0
google/gemini-2.5-flash-preview-05-20,160,4.273333333333333
google/gemini-2.5-flash-preview-05-20,170,2.8785714285714286
google/gemini-2.5-flash-preview-05-20,180,3.825982905982906
google/gemini-2.5-flash-preview-05-20,190,2.8661538461538463
google/gemini-2.5-flash-preview-05-20,200,2.782905982905983
google/gemini-2.5-flash-preview-05-20,210,3.098345864661654
google/gemini-2.5-flash-preview-05-20,220,2.4493596059113303
google/gemini-2.5-flash-preview-05-20,230,2.711691086691087
google/gemini-2.5-flash-preview-05-20,240,2.470184453227932
google/gemini-2.5-flash-preview-05-20,250,2.0560273704789833
google/gemini-2.5-flash-preview-05-20,260,1.89422023615572
google/gemini-2.5-flash-preview-05-20,270,2.088651218062983
google/gemini-2.5-flash-preview-05-20,280,2.004082044082044
google/gemini-2.5-flash-preview-05-20,290,2.327645765050888
google/gemini-2.5-flash-preview-05-20,300,1.8210658914728683
google/gemini-2.5-flash-preview-05-20,310,2.0699320762888123
google/gemini-2.5-flash-preview-05-20,320,2.086549993314339
google/gemini-2.5-flash-preview-05-20,330,2.049948460420246
google/gemini-2.5-flash-preview-05-20,340,1.8697767831789178
google/gemini-2.5-flash-preview-05-20,350,2.067019034138599
google/gemini-2.5-flash-preview-05-20,360,1.8868431994747783
google/gemini-2.5-flash-preview-05-20,370,1.77053250185338
google/gemini-2.5-flash-preview-05-20,380,1.785538726489051
google/gemini-2.5-flash-preview-05-20,390,1.9487217893561197
google/gemini-2.5-flash-preview-05-20,400,1.8184662114286074
google/gemini-2.5-flash-preview-05-20,410,1.6458428490672694
google/gemini-2.5-flash-preview-05-20,420,1.6697983947170432
google/gemini-2.5-flash-preview-05-20,430,1.7269796334111027
google/gemini-2.5-flash-preview-05-20,440,1.6369574414306907
google/gemini-2.5-flash-preview-05-20,450,1.7842915793883534
google/gemini-2.5-flash-preview-05-20,460,1.540625711109587
google/gemini-2.5-flash-preview-05-20,470,1.5368109668109668
google/gemini-2.5-flash-preview-05-20,480,1.552523976023976
google/gemini-2.5-flash-preview-05-20,490,1.68071014233503
google/gemini-2.5-flash-preview-05-20,500,1.5248567631060528
google/gemini-2.5-pro-preview,10,
google/gemini-2.5-pro-preview,20,
google/gemini-2.5-pro-preview,30,
google/gemini-2.5-pro-preview,40,
google/gemini-2.5-pro-preview,50,
google/gemini-2.5-pro-preview,60,
google/gemini-2.5-pro-preview,70,
google/gemini-2.5-pro-preview,80,0.0
google/gemini-2.5-pro-preview,90,0.0
google/gemini-2.5-pro-preview,100,0.0
google/gemini-2.5-pro-preview,110,1.0
google/gemini-2.5-pro-preview,120,1.0
google/gemini-2.5-pro-preview,130,1.0
google/gemini-2.5-pro-preview,140,1.7666666666666664
google/gemini-2.5-pro-preview,150,2.111111111111111
google/gemini-2.5-pro-preview,160,0.75
google/gemini-2.5-pro-preview,170,1.2666666666666666
google/gemini-2.5-pro-preview,180,1.5238095238095237
google/gemini-2.5-pro-preview,190,2.2399999999999998
google/gemini-2.5-pro-preview,200,1.1866666666666668
google/gemini-2.5-pro-preview,210,1.2
google/gemini-2.5-pro-preview,220,0.9965079365079366
google/gemini-2.5-pro-preview,230,2.111111111111111
google/gemini-2.5-pro-preview,240,1.980952380952381
google/gemini-2.5-pro-preview,250,1.536923076923077
google/gemini-2.5-pro-preview,260,1.9231283422459895
google/gemini-2.5-pro-preview,270,1.3014285714285714
google/gemini-2.5-pro-preview,280,1.812942612942613
google/gemini-2.5-pro-preview,290,2.1193223443223443
google/gemini-2.5-pro-preview,300,1.9563725490196078
google/gemini-2.5-pro-preview,310,1.8813445378151261
google/gemini-2.5-pro-preview,320,1.4621192575913937
google/gemini-2.5-pro-preview,330,1.2849378881987579
google/gemini-2.5-pro-preview,340,1.6765384615384615
google/gemini-2.5-pro-preview,350,1.6506800022846555
google/gemini-2.5-pro-preview,360,1.9972893772893776
google/gemini-2.5-pro-preview,370,1.5964285714285715
google/gemini-2.5-pro-preview,380,1.8445392156862745
google/gemini-2.5-pro-preview,390,1.600182555780933
google/gemini-2.5-pro-preview,400,1.8530555555555555
google/gemini-2.5-pro-preview,410,1.844032634032634
google/gemini-2.5-pro-preview,420,1.4104541904541903
google/gemini-2.5-pro-preview,430,1.9706485671191554
google/gemini-2.5-pro-preview,440,1.5170647077466923
google/gemini-2.5-pro-preview,450,1.6346631999614811
google/gemini-2.5-pro-preview,460,1.6320295688847426
google/gemini-2.5-pro-preview,470,1.7055146406388644
google/gemini-2.5-pro-preview,480,1.765261797026503
google/gemini-2.5-pro-preview,490,1.7458985167143055
google/gemini-2.5-pro-preview,500,1.623176667337436
google/gemini-2.5-pro-preview-high-reasoning,10,
google/gemini-2.5-pro-preview-high-reasoning,20,
google/gemini-2.5-pro-preview-high-reasoning,30,
google/gemini-2.5-pro-preview-high-reasoning,40,
google/gemini-2.5-pro-preview-high-reasoning,50,0.0
google/gemini-2.5-pro-preview-high-reasoning,60,0.0
google/gemini-2.5-pro-preview-high-reasoning,70,
google/gemini-2.5-pro-preview-high-reasoning,80,
google/gemini-2.5-pro-preview-high-reasoning,90,
google/gemini-2.5-pro-preview-high-reasoning,100,0.16666666666666666
google/gemini-2.5-pro-preview-high-reasoning,110,0.5
google/gemini-2.5-pro-preview-high-reasoning,120,0.75
google/gemini-2.5-pro-preview-high-reasoning,130,3.0
google/gemini-2.5-pro-preview-high-reasoning,140,1.6666666666666667
google/gemini-2.5-pro-preview-high-reasoning,150,1.0
google/gemini-2.5-pro-preview-high-reasoning,160,0.611111111111111
google/gemini-2.5-pro-preview-high-reasoning,170,2.666666666666667
google/gemini-2.5-pro-preview-high-reasoning,180,0.7777777777777778
google/gemini-2.5-pro-preview-high-reasoning,190,1.4666666666666668
google/gemini-2.5-pro-preview-high-reasoning,200,1.8733333333333335
google/gemini-2.5-pro-preview-high-reasoning,210,0.9345238095238094
google/gemini-2.5-pro-preview-high-reasoning,220,1.9241071428571428
google/gemini-2.5-pro-preview-high-reasoning,230,2.5160606060606066
google/gemini-2.5-pro-preview-high-reasoning,240,1.7666666666666668
google/gemini-2.5-pro-preview-high-reasoning,250,1.671965811965812
google/gemini-2.5-pro-preview-high-reasoning,260,1.7886363636363636
google/gemini-2.5-pro-preview-high-reasoning,270,1.4528355957767722
google/gemini-2.5-pro-preview-high-reasoning,280,1.9677455877455876
google/gemini-2.5-pro-preview-high-reasoning,290,1.8886590533649357
google/gemini-2.5-pro-preview-high-reasoning,300,1.8031601731601732
google/gemini-2.5-pro-preview-high-reasoning,310,1.6115617715617716
google/gemini-2.5-pro-preview-high-reasoning,320,1.6423391812865495
google/gemini-2.5-pro-preview-high-reasoning,330,1.7778554778554778
google/gemini-2.5-pro-preview-high-reasoning,340,1.8368948306595367
google/gemini-2.5-pro-preview-high-reasoning,350,2.6053832442067737
google/gemini-2.5-pro-preview-high-reasoning,360,1.7456592682679641
google/gemini-2.5-pro-preview-high-reasoning,370,1.639052656021803
google/gemini-2.5-pro-preview-high-reasoning,380,1.8506458406458406
google/gemini-2.5-pro-preview-high-reasoning,390,1.6816349040486969
google/gemini-2.5-pro-preview-high-reasoning,400,1.603017543859649
google/gemini-2.5-pro-preview-high-reasoning,410,1.8980373059306317
google/gemini-2.5-pro-preview-high-reasoning,420,2.182094017094017
google/gemini-2.5-pro-preview-high-reasoning,430,1.5963768722282654
google/gemini-2.5-pro-preview-high-reasoning,440,1.6620039682539685
google/gemini-2.5-pro-preview-high-reasoning,450,1.783173740510697
google/gemini-2.5-pro-preview-high-reasoning,460,1.7093142606186085
google/gemini-2.5-pro-preview-high-reasoning,470,1.5894995176304474
google/gemini-2.5-pro-preview-high-reasoning,480,1.5434676753184644
google/gemini-2.5-pro-preview-high-reasoning,490,1.8846368446368444
google/gemini-2.5-pro-preview-high-reasoning,500,1.7809145593928204
meta-llama/llama-4-maverick,10,
meta-llama/llama-4-maverick,20,
meta-llama/llama-4-maverick,30,
meta-llama/llama-4-maverick,40,0.875
meta-llama/llama-4-maverick,50,1.75
meta-llama/llama-4-maverick,60,1.55015873015873
meta-llama/llama-4-maverick,70,2.1883333333333335
meta-llama/llama-4-maverick,80,2.651082251082251
meta-llama/llama-4-maverick,90,1.4255194805194804
meta-llama/llama-4-maverick,100,1.074673202614379
meta-llama/llama-4-maverick,110,1.3625745950554136
meta-llama/llama-4-maverick,120,1.1785714285714286
meta-llama/llama-4-maverick,130,1.1128078817733988
meta-llama/llama-4-maverick,140,1.3279225255031706
meta-llama/llama-4-maverick,150,1.436680008454202
meta-llama/llama-4-maverick,160,0.9619883040935673
meta-llama/llama-4-maverick,170,1.456030371141933
meta-llama/llama-4-maverick,180,1.338127996664582
meta-llama/llama-4-maverick,190,1.7737500000000002
meta-llama/llama-4-maverick,200,1.3823065723762589
meta-llama/llama-4-maverick,210,1.3120104102246959
meta-llama/llama-4-maverick,220,1.2887535014005602
meta-llama/llama-4-maverick,230,0.6403508771929824
meta-llama/llama-4-maverick,240,1.259782755711358
meta-llama/llama-4-maverick,250,1.4026048234552333
meta-llama/llama-4-maverick,260,1.3170230263157894
meta-llama/llama-4-maverick,270,1.1951707712577277
meta-llama/llama-4-maverick,280,1.3035627807753096
meta-llama/llama-4-maverick,290,1.2416438932100062
meta-llama/llama-4-maverick,300,1.2047021754616691
meta-llama/llama-4-maverick,310,1.1859053497942387
meta-llama/llama-4-maverick,320,1.2017872710120772
meta-llama/llama-4-maverick,330,1.2870338693123502
meta-llama/llama-4-maverick,340,0.8980489132174526
meta-llama/llama-4-maverick,350,2.849563555708303
meta-llama/llama-4-maverick,360,1.1631346096977928
meta-llama/llama-4-maverick,370,1.1417319923481708
meta-llama/llama-4-maverick,380,1.1596354640709479
meta-llama/llama-4-maverick,390,1.2466317224831127
meta-llama/llama-4-maverick,400,1.1508056638419157
meta-llama/llama-4-maverick,410,1.2329038793192144
meta-llama/llama-4-maverick,420,1.1563924910023577
meta-llama/llama-4-maverick,430,1.2305157756050205
meta-llama/llama-4-maverick,440,1.1847005876293362
meta-llama/llama-4-maverick,450,1.184153340790931
meta-llama/llama-4-maverick,460,1.138892037720091
meta-llama/llama-4-maverick,470,1.1197167753296056
meta-llama/llama-4-maverick,480,1.1893513540645833
meta-llama/llama-4-maverick,490,1.1485823281707783
meta-llama/llama-4-maverick,500,1.1193419627074186
meta-llama/llama-4-scout,10,
meta-llama/llama-4-scout,20,
meta-llama/llama-4-scout,30,0.0
meta-llama/llama-4-scout,40,2.0833333333333335
meta-llama/llama-4-scout,50,1.7833333333333334
meta-llama/llama-4-scout,60,1.5883333333333334
meta-llama/llama-4-scout,70,1.4085314685314685
meta-llama/llama-4-scout,80,1.6152097902097904
meta-llama/llama-4-scout,90,1.7615686274509805
meta-llama/llama-4-scout,100,1.3094400439601679
meta-llama/llama-4-scout,110,1.2435698514379174
meta-llama/llama-4-scout,120,1.3222857142857143
meta-llama/llama-4-scout,130,1.2422640360492023
meta-llama/llama-4-scout,140,1.4738198818479324
meta-llama/llama-4-scout,150,1.4820564516129031
meta-llama/llama-4-scout,160,1.3344891635135538
meta-llama/llama-4-scout,170,1.2698308041165185
meta-llama/llama-4-scout,180,1.2826777459646241
meta-llama/llama-4-scout,190,1.3710673337502606
meta-llama/llama-4-scout,200,1.330540025690342
meta-llama/llama-4-scout,210,1.206129215611974
meta-llama/llama-4-scout,220,1.2058333486101183
meta-llama/llama-4-scout,230,1.1920443026439576
meta-llama/llama-4-scout,240,1.1805358213390638
meta-llama/llama-4-scout,250,1.1511918943178139
meta-llama/llama-4-scout,260,1.1312212287475445
meta-llama/llama-4-scout,270,1.2418437986859039
meta-llama/llama-4-scout,280,1.147154824901776
meta-llama/llama-4-scout,290,1.1619930015385005
meta-llama/llama-4-scout,300,1.1371597455441662
meta-llama/llama-4-scout,310,1.1212931007948406
meta-llama/llama-4-scout,320,1.1659342809215547
meta-llama/llama-4-scout,330,1.1444332086062252
meta-llama/llama-4-scout,340,1.1030725356970188
meta-llama/llama-4-scout,350,1.1165426321091438
meta-llama/llama-4-scout,360,1.116185247182234
meta-llama/llama-4-scout,370,1.0673300100615821
meta-llama/llama-4-scout,380,1.0672263816049687
meta-llama/llama-4-scout,390,1.1303848886417693
meta-llama/llama-4-scout,400,1.070312557315451
meta-llama/llama-4-scout,410,1.1201206206247167
meta-llama/llama-4-scout,420,1.0881060644804765
meta-llama/llama-4-scout,430,1.070708069818933
meta-llama/llama-4-scout,440,1.0714292878032343
meta-llama/llama-4-scout,450,1.0496335697399526
meta-llama/llama-4-scout,460,1.068214824391295
meta-llama/llama-4-scout,470,1.0326757697867988
meta-llama/llama-4-scout,480,1.0375992868414903
meta-llama/llama-4-scout,490,1.0608796021727056
meta-llama/llama-4-scout,500,1.0492109748598217
openai/gpt-4.1,10,
openai/gpt-4.1,20,
openai/gpt-4.1,30,0.0
openai/gpt-4.1,40,
openai/gpt-4.1,50,0.0
openai/gpt-4.1,60,0.6666666666666666
openai/gpt-4.1,70,1.388888888888889
openai/gpt-4.1,80,1.6
openai/gpt-4.1,90,0.9666666666666666
openai/gpt-4.1,100,0.65
openai/gpt-4.1,110,0.9166666666666666
openai/gpt-4.1,120,1.0966666666666667
openai/gpt-4.1,130,0.8523809523809524
openai/gpt-4.1,140,0.9214285714285715
openai/gpt-4.1,150,1.4547619047619047
openai/gpt-4.1,160,1.1155555555555554
openai/gpt-4.1,170,1.7
openai/gpt-4.1,180,1.95
openai/gpt-4.1,190,1.3777777777777778
openai/gpt-4.1,200,1.288648018648019
openai/gpt-4.1,210,1.5975414781297135
openai/gpt-4.1,220,1.8367424242424242
openai/gpt-4.1,230,1.8181318681318683
openai/gpt-4.1,240,1.3723219814241487
openai/gpt-4.1,250,1.6691706985824635
openai/gpt-4.1,260,1.6899466056445462
openai/gpt-4.1,270,1.4936553945249598
openai/gpt-4.1,280,1.3199221910986616
openai/gpt-4.1,290,1.5475199722877742
openai/gpt-4.1,300,1.524843896732952
openai/gpt-4.1,310,1.6904911180773248
openai/gpt-4.1,320,1.5646423677279218
openai/gpt-4.1,330,1.607904619119012
openai/gpt-4.1,340,1.5080903373356203
openai/gpt-4.1,350,1.413845464725644
openai/gpt-4.1,360,1.6493418346359523
openai/gpt-4.1,370,1.5651497177584133
openai/gpt-4.1,380,1.6575067027257266
openai/gpt-4.1,390,1.6363441238564391
openai/gpt-4.1,400,1.4004324298889517
openai/gpt-4.1,410,1.462024680498055
openai/gpt-4.1,420,1.2635058143381306
openai/gpt-4.1,430,1.3904309398386128
openai/gpt-4.1,440,1.2863624402691578
openai/gpt-4.1,450,1.36559765113007
openai/gpt-4.1,460,1.3779516590910894
openai/gpt-4.1,470,1.3317890120205966
openai/gpt-4.1,480,1.2601674007907397
openai/gpt-4.1,490,1.357379408141384
openai/gpt-4.1,500,1.294074235385211
openai/gpt-4.1-mini,10,
openai/gpt-4.1-mini,20,0.0
openai/gpt-4.1-mini,30,
openai/gpt-4.1-mini,40,0.5
openai/gpt-4.1-mini,50,1.5
openai/gpt-4.1-mini,60,1.5
openai/gpt-4.1-mini,70,1.3
openai/gpt-4.1-mini,80,3.333333333333333
openai/gpt-4.1-mini,90,2.9833333333333334
openai/gpt-4.1-mini,100,3.3666666666666663
openai/gpt-4.1-mini,110,2.6595238095238094
openai/gpt-4.1-mini,120,5.338888888888889
openai/gpt-4.1-mini,130,5.239285714285714
openai/gpt-4.1-mini,140,4.0200000000000005
openai/gpt-4.1-mini,150,3.6258658008658005
openai/gpt-4.1-mini,160,4.050909090909091
openai/gpt-4.1-mini,170,3.1579526355996945
openai/gpt-4.1-mini,180,3.385054945054945
openai/gpt-4.1-mini,190,2.8518137254901963
openai/gpt-4.1-mini,200,3.111181318681319
openai/gpt-4.1-mini,210,3.103921568627451
openai/gpt-4.1-mini,220,3.1386363636363637
openai/gpt-4.1-mini,230,2.9642222222222223
openai/gpt-4.1-mini,240,2.579487644841547
openai/gpt-4.1-mini,250,2.8924512329775487
openai/gpt-4.1-mini,260,2.506518472906404
openai/gpt-4.1-mini,270,2.6921666666666666
openai/gpt-4.1-mini,280,2.5906873013134875
openai/gpt-4.1-mini,290,2.418075414781297
openai/gpt-4.1-mini,300,2.2393982499245655
openai/gpt-4.1-mini,310,2.593723821817128
openai/gpt-4.1-mini,320,2.160153663693085
openai/gpt-4.1-mini,330,2.20247668997669
openai/gpt-4.1-mini,340,2.0230842234235658
openai/gpt-4.1-mini,350,2.1406030520316235
openai/gpt-4.1-mini,360,1.9283876176733323
openai/gpt-4.1-mini,370,2.036070560819539
openai/gpt-4.1-mini,380,1.9399430371888002
openai/gpt-4.1-mini,390,1.8658390290710312
openai/gpt-4.1-mini,400,1.9452997291112049
openai/gpt-4.1-mini,410,1.8804411764705882
openai/gpt-4.1-mini,420,1.7513503276003277
openai/gpt-4.1-mini,430,1.8202945051075088
openai/gpt-4.1-mini,440,1.7875865673235445
openai/gpt-4.1-mini,450,1.9129413619167717
openai/gpt-4.1-mini,460,1.7641397021731464
openai/gpt-4.1-mini,470,1.5819533493038513
openai/gpt-4.1-mini,480,1.6056284742524436
openai/gpt-4.1-mini,490,1.7290722008507398
openai/gpt-4.1-mini,500,1.6214037100784089
openai/gpt-4.1-nano,10,0.0
openai/gpt-4.1-nano,20,0.3333333333333333
openai/gpt-4.1-nano,30,1.0
openai/gpt-4.1-nano,40,0.9066666666666666
openai/gpt-4.1-nano,50,1.44
openai/gpt-4.1-nano,60,0.9302380952380954
openai/gpt-4.1-nano,70,1.386111111111111
openai/gpt-4.1-nano,80,1.7446969696969696
openai/gpt-4.1-nano,90,1.8680555555555558
openai/gpt-4.1-nano,100,2.167692307692308
openai/gpt-4.1-nano,110,2.1562393162393163
openai/gpt-4.1-nano,120,2.4068376068376067
openai/gpt-4.1-nano,130,2.5409523809523806
openai/gpt-4.1-nano,140,2.2504146395400264
openai/gpt-4.1-nano,150,2.240277777777778
openai/gpt-4.1-nano,160,2.3244444444444445
openai/gpt-4.1-nano,170,2.0794110881067405
openai/gpt-4.1-nano,180,2.221431485181485
openai/gpt-4.1-nano,190,2.098212454212454
openai/gpt-4.1-nano,200,2.0751213069305634
openai/gpt-4.1-nano,210,1.9643478820030544
openai/gpt-4.1-nano,220,2.1057242824666096
openai/gpt-4.1-nano,230,1.6344106539455374
openai/gpt-4.1-nano,240,2.0158184043018323
openai/gpt-4.1-nano,250,1.798112343890908
openai/gpt-4.1-nano,260,1.7120650485915205
openai/gpt-4.1-nano,270,1.7951038500506584
openai/gpt-4.1-nano,280,1.890381780456531
openai/gpt-4.1-nano,290,1.847758818202168
openai/gpt-4.1-nano,300,1.6634180634180633
openai/gpt-4.1-nano,310,1.6473560719790228
openai/gpt-4.1-nano,320,1.6918246438360292
openai/gpt-4.1-nano,330,1.7377995404886044
openai/gpt-4.1-nano,340,1.6890814877721898
openai/gpt-4.1-nano,350,1.5581731757819113
openai/gpt-4.1-nano,360,1.4891660152032231
openai/gpt-4.1-nano,370,1.6077626632865898
openai/gpt-4.1-nano,380,1.527821496416481
openai/gpt-4.1-nano,390,1.4356776556776556
openai/gpt-4.1-nano,400,1.4392513803726454
openai/gpt-4.1-nano,410,1.3594394031054648
openai/gpt-4.1-nano,420,1.4240982029689664
openai/gpt-4.1-nano,430,1.5035044163775528
openai/gpt-4.1-nano,440,1.46456944452775
openai/gpt-4.1-nano,450,1.459138710622985
openai/gpt-4.1-nano,460,1.3674730198298448
openai/gpt-4.1-nano,470,1.363338787149743
openai/gpt-4.1-nano,480,1.338815002980842
openai/gpt-4.1-nano,490,1.3545623669708022
openai/gpt-4.1-nano,500,1.3354674101642066
openai/gpt-4.5-preview,10,
openai/gpt-4.5-preview,20,
openai/gpt-4.5-preview,30,0.0
openai/gpt-4.5-preview,40,
openai/gpt-4.5-preview,50,1.111111111111111
openai/gpt-4.5-preview,60,1.0
openai/gpt-4.5-preview,70,0.8541666666666666
openai/gpt-4.5-preview,80,1.7166666666666668
openai/gpt-4.5-preview,90,1.7600000000000002
openai/gpt-4.5-preview,100,1.1866666666666668
openai/gpt-4.5-preview,110,1.4
openai/gpt-4.5-preview,120,1.1122222222222222
openai/gpt-4.5-preview,130,1.238888888888889
openai/gpt-4.5-preview,140,1.312142857142857
openai/gpt-4.5-preview,150,1.384126984126984
openai/gpt-4.5-preview,160,2.233585858585859
openai/gpt-4.5-preview,170,1.9954545454545454
openai/gpt-4.5-preview,180,2.169047619047619
openai/gpt-4.5-preview,190,1.6029590017825313
openai/gpt-4.5-preview,200,1.7750893550893552
openai/gpt-4.5-preview,210,1.783481877599525
openai/gpt-4.5-preview,220,1.3481250564742027
openai/gpt-4.5-preview,230,1.5446060606060608
openai/gpt-4.5-preview,240,1.3033333333333332
openai/gpt-4.5-preview,250,1.601765450608029
openai/gpt-4.5-preview,260,1.5770461497361918
openai/gpt-4.5-preview,270,1.5093569884874234
openai/gpt-4.5-preview,280,1.650624039938556
openai/gpt-4.5-preview,290,1.6808480870980873
openai/gpt-4.5-preview,300,1.3832194616977227
openai/gpt-4.5-preview,310,1.4741660212248449
openai/gpt-4.5-preview,320,1.478775681256149
openai/gpt-4.5-preview,330,1.5112686056951754
openai/gpt-4.5-preview,340,1.533823692647222
openai/gpt-4.5-preview,350,1.582142857142857
openai/gpt-4.5-preview,360,1.4259741075917547
openai/gpt-4.5-preview,370,1.4721185618877308
openai/gpt-4.5-preview,380,1.4086523522224232
openai/gpt-4.5-preview,390,1.4541908503221488
openai/gpt-4.5-preview,400,1.3654826936133062
openai/gpt-4.5-preview,410,1.5123183803419915
openai/gpt-4.5-preview,420,1.411806986525412
openai/gpt-4.5-preview,430,1.2871703804893815
openai/gpt-4.5-preview,440,1.3243872916903066
openai/gpt-4.5-preview,450,1.4349002143541671
openai/gpt-4.5-preview,460,1.418218698921216
openai/gpt-4.5-preview,470,1.3226384383308138
openai/gpt-4.5-preview,480,1.2925902195164831
openai/gpt-4.5-preview,490,1.2906916354267906
openai/gpt-4.5-preview,500,1.3618306878306878
openai/gpt-4o,10,1.0
openai/gpt-4o,20,1.0
openai/gpt-4o,30,0.5
openai/gpt-4o,40,1.0
openai/gpt-4o,50,1.6666666666666667
openai/gpt-4o,60,1.25
openai/gpt-4o,70,1.0049062049062047
openai/gpt-4o,80,1.211111111111111
openai/gpt-4o,90,1.2758333333333334
openai/gpt-4o,100,1.416776556776557
openai/gpt-4o,110,1.1784873949579833
openai/gpt-4o,120,1.3756792717086834
openai/gpt-4o,130,1.13521978021978
openai/gpt-4o,140,1.1872967772967773
openai/gpt-4o,150,1.3826213411512867
openai/gpt-4o,160,1.5475783475783476
openai/gpt-4o,170,1.39688558812928
openai/gpt-4o,180,1.3317982456140351
openai/gpt-4o,190,1.3277677286342242
openai/gpt-4o,200,1.3787801341097274
openai/gpt-4o,210,1.3829610938769126
openai/gpt-4o,220,1.2362759652355926
openai/gpt-4o,230,1.4470418611419198
openai/gpt-4o,240,1.2928344711558517
openai/gpt-4o,250,1.306996815820345
openai/gpt-4o,260,1.2505462423392841
openai/gpt-4o,270,1.3207023658592754
openai/gpt-4o,280,1.310711008748736
openai/gpt-4o,290,1.1710087732276009
openai/gpt-4o,300,1.2515947213197853
openai/gpt-4o,310,1.2290743088583744
openai/gpt-4o,320,1.3178997975708504
openai/gpt-4o,330,1.2139330874604846
openai/gpt-4o,340,1.2650548407865483
openai/gpt-4o,350,1.226423902894491
openai/gpt-4o,360,1.169426705485457
openai/gpt-4o,370,1.1706943534935934
openai/gpt-4o,380,1.1666793033002674
openai/gpt-4o,390,1.1907063040269872
openai/gpt-4o,400,1.206143423420104
openai/gpt-4o,410,1.1657302891283474
openai/gpt-4o,420,1.1159867353064175
openai/gpt-4o,430,1.1556736651214454
openai/gpt-4o,440,1.165076485156221
openai/gpt-4o,450,1.1235788568844611
openai/gpt-4o,460,1.1707307971586425
openai/gpt-4o,470,1.1443555125462823
openai/gpt-4o,480,1.1151368335941654
openai/gpt-4o,490,1.1372462612876462
openai/gpt-4o,500,1.1361827745023125
openai/gpt-4o-mini,10,0.5
openai/gpt-4o-mini,20,1.1666666666666667
openai/gpt-4o-mini,30,1.8333333333333333
openai/gpt-4o-mini,40,3.85
openai/gpt-4o-mini,50,1.5533333333333332
openai/gpt-4o-mini,60,1.2733333333333332
openai/gpt-4o-mini,70,0.9718181818181819
openai/gpt-4o-mini,80,1.3270129870129872
openai/gpt-4o-mini,90,1.4755644355644357
openai/gpt-4o-mini,100,1.38325633087243
openai/gpt-4o-mini,110,1.3045098039215688
openai/gpt-4o-mini,120,1.423557828928673
openai/gpt-4o-mini,130,1.2078518518518517
openai/gpt-4o-mini,140,1.4311403443577357
openai/gpt-4o-mini,150,1.2701670506912444
openai/gpt-4o-mini,160,1.5408391802857877
openai/gpt-4o-mini,170,1.5257545420837968
openai/gpt-4o-mini,180,1.3949775769801442
openai/gpt-4o-mini,190,1.3962608863295363
openai/gpt-4o-mini,200,1.4159610227069552
openai/gpt-4o-mini,210,1.4040170447456728
openai/gpt-4o-mini,220,1.2608282062953664
openai/gpt-4o-mini,230,1.249062301779283
openai/gpt-4o-mini,240,1.3360955493308435
openai/gpt-4o-mini,250,1.2244017335594497
openai/gpt-4o-mini,260,1.2388141859806026
openai/gpt-4o-mini,270,1.2323461663999313
openai/gpt-4o-mini,280,1.25708520335386
openai/gpt-4o-mini,290,1.2509201817001947
openai/gpt-4o-mini,300,1.2335578153190094
openai/gpt-4o-mini,310,1.2050721500721502
openai/gpt-4o-mini,320,1.252219092345029
openai/gpt-4o-mini,330,1.1872385450801395
openai/gpt-4o-mini,340,1.240894248406371
openai/gpt-4o-mini,350,1.2387020103345285
openai/gpt-4o-mini,360,1.1647359776239088
openai/gpt-4o-mini,370,1.1594713962883871
openai/gpt-4o-mini,380,1.1575693654220416
openai/gpt-4o-mini,390,1.1574630777591781
openai/gpt-4o-mini,400,1.1659638635806144
openai/gpt-4o-mini,410,1.1753084328286092
openai/gpt-4o-mini,420,1.1030239592761855
openai/gpt-4o-mini,430,1.1368864859440422
openai/gpt-4o-mini,440,1.0724245398523327
openai/gpt-4o-mini,450,1.0925811297448
openai/gpt-4o-mini,460,1.1028604836719553
openai/gpt-4o-mini,470,1.0878977950798236
openai/gpt-4o-mini,480,1.101626561554619
openai/gpt-4o-mini,490,1.0693770941334788
openai/gpt-4o-mini,500,1.072232500027806
openai/o3,10,0.0
openai/o3,20,
openai/o3,30,0.0
openai/o3,40,
openai/o3,50,
openai/o3,60,0.5
openai/o3,70,0.0
openai/o3,80,1.0
openai/o3,90,0.6666666666666666
openai/o3,100,1.6666666666666667
openai/o3,110,1.0
openai/o3,120,0.6666666666666666
openai/o3,130,3.0
openai/o3,140,0.9166666666666666
openai/o3,150,1.3333333333333335
openai/o3,160,1.1666666666666667
openai/o3,170,2.4375
openai/o3,180,0.9236111111111112
openai/o3,190,1.9444444444444444
openai/o3,200,1.8541666666666665
openai/o3,210,2.1
openai/o3,220,2.5
openai/o3,230,3.1964285714285716
openai/o3,240,1.5
openai/o3,250,2.625
openai/o3,260,2.2208695652173915
openai/o3,270,3.630208333333333
openai/o3,280,2.4833333333333334
openai/o3,290,2.528137254901961
openai/o3,300,2.839919028340081
openai/o3,310,1.828925388337153
openai/o3,320,2.6793650793650796
openai/o3,330,2.2406015037593985
openai/o3,340,2.411267717789457
openai/o3,350,2.7827947512730122
openai/o3,360,1.90240059127864
openai/o3,370,2.3375420875420874
openai/o3,380,1.5395861578897292
openai/o3,390,1.8724428246122726
openai/o3,400,1.7867189132706376
openai/o3,410,2.2876847290640394
openai/o3,420,4.9980769230769235
openai/o3,430,1.6956009682325472
openai/o3,440,1.668753849470313
openai/o3,450,1.8998676836861768
openai/o3,460,2.444010025062657
openai/o3,470,1.5625927577473993
openai/o3,480,1.4324899489033873
openai/o3,490,1.383064935064935
openai/o3,500,1.6761698242943077
openai/o3-high-reasoning,10,
openai/o3-high-reasoning,20,
openai/o3-high-reasoning,30,
openai/o3-high-reasoning,40,
openai/o3-high-reasoning,50,
openai/o3-high-reasoning,60,
openai/o3-high-reasoning,70,0.0
openai/o3-high-reasoning,80,
openai/o3-high-reasoning,90,
openai/o3-high-reasoning,100,0.0
openai/o3-high-reasoning,110,2.5000000000000004
openai/o3-high-reasoning,120,0.0
openai/o3-high-reasoning,130,1.0
openai/o3-high-reasoning,140,0.75
openai/o3-high-reasoning,150,0.8333333333333334
openai/o3-high-reasoning,160,2.0
openai/o3-high-reasoning,170,0.0
openai/o3-high-reasoning,180,
openai/o3-high-reasoning,190,0.9166666666666666
openai/o3-high-reasoning,200,2.0833333333333335
openai/o3-high-reasoning,210,1.111111111111111
openai/o3-high-reasoning,220,1.7
openai/o3-high-reasoning,230,2.166666666666667
openai/o3-high-reasoning,240,2.354166666666667
openai/o3-high-reasoning,250,2.333333333333333
openai/o3-high-reasoning,260,3.1666666666666665
openai/o3-high-reasoning,270,1.2767857142857144
openai/o3-high-reasoning,280,2.4823529411764707
openai/o3-high-reasoning,290,2.0500000000000003
openai/o3-high-reasoning,300,2.6191666666666666
openai/o3-high-reasoning,310,2.833333333333333
openai/o3-high-reasoning,320,2.6059139784946233
openai/o3-high-reasoning,330,6.8
openai/o3-high-reasoning,340,5.353571428571429
openai/o3-high-reasoning,350,1.6414742664742665
openai/o3-high-reasoning,360,2.2536764705882355
openai/o3-high-reasoning,370,2.7980392156862743
openai/o3-high-reasoning,380,3.5510000000000006
openai/o3-high-reasoning,390,2.485997873094647
openai/o3-high-reasoning,400,2.232573891625616
openai/o3-high-reasoning,410,1.1234729064039408
openai/o3-high-reasoning,420,2.2973015873015874
openai/o3-high-reasoning,430,2.5601688951442645
openai/o3-high-reasoning,440,3.1929511278195486
openai/o3-high-reasoning,450,2.8376827068639696
openai/o3-high-reasoning,460,1.5654714705785178
openai/o3-high-reasoning,470,1.2877859477124183
openai/o3-high-reasoning,480,1.9608715358715358
openai/o3-high-reasoning,490,1.3756813417190774
openai/o3-high-reasoning,500,1.6911661255411254
openai/o4-mini,10,
openai/o4-mini,20,
openai/o4-mini,30,
openai/o4-mini,40,
openai/o4-mini,50,
openai/o4-mini,60,
openai/o4-mini,70,
openai/o4-mini,80,2.0
openai/o4-mini,90,1.0
openai/o4-mini,100,1.0
openai/o4-mini,110,0.25
openai/o4-mini,120,1.3
openai/o4-mini,130,3.0
openai/o4-mini,140,3.0
openai/o4-mini,150,2.5
openai/o4-mini,160,1.0
openai/o4-mini,170,4.285714285714286
openai/o4-mini,180,4.5625
openai/o4-mini,190,8.75
openai/o4-mini,200,5.6
openai/o4-mini,210,4.12962962962963
openai/o4-mini,220,0.611111111111111
openai/o4-mini,230,1.9102453102453105
openai/o4-mini,240,1.148809523809524
openai/o4-mini,250,2.2825974025974025
openai/o4-mini,260,1.5436363636363637
openai/o4-mini,270,3.4776373256373256
openai/o4-mini,280,2.12995670995671
openai/o4-mini,290,3.3513636363636365
openai/o4-mini,300,1.77
openai/o4-mini,310,2.0826435406698565
openai/o4-mini,320,2.114413381544522
openai/o4-mini,330,2.6925925925925926
openai/o4-mini,340,1.9923076923076923
openai/o4-mini,350,4.434632034632035
openai/o4-mini,360,1.978562091503268
openai/o4-mini,370,1.9157934241335153
openai/o4-mini,380,2.098889743336948
openai/o4-mini,390,2.3031386367255933
openai/o4-mini,400,2.0641855921855923
openai/o4-mini,410,3.178095238095238
openai/o4-mini,420,1.8772343043464885
openai/o4-mini,430,3.0867487417731314
openai/o4-mini,440,1.6869700746318521
openai/o4-mini,450,1.7794083694083696
openai/o4-mini,460,1.5344989642331381
openai/o4-mini,470,1.9068494756350542
openai/o4-mini,480,1.641216340892121
openai/o4-mini,490,1.4594223458324291
openai/o4-mini,500,1.557717717717718
qwen/qwen3-235b-a22b,10,
qwen/qwen3-235b-a22b,20,
qwen/qwen3-235b-a22b,30,1.0
qwen/qwen3-235b-a22b,40,1.3333333333333333
qwen/qwen3-235b-a22b,50,0.3333333333333333
qwen/qwen3-235b-a22b,60,0.8333333333333334
qwen/qwen3-235b-a22b,70,1.7291666666666667
qwen/qwen3-235b-a22b,80,1.4916666666666667
qwen/qwen3-235b-a22b,90,2.3986363636363635
qwen/qwen3-235b-a22b,100,2.032380952380952
qwen/qwen3-235b-a22b,110,1.8313131313131312
qwen/qwen3-235b-a22b,120,1.651111111111111
qwen/qwen3-235b-a22b,130,1.5793650793650793
qwen/qwen3-235b-a22b,140,1.8597069597069598
qwen/qwen3-235b-a22b,150,2.4798201798201798
qwen/qwen3-235b-a22b,160,1.6838636363636361
qwen/qwen3-235b-a22b,170,1.9297569716145566
qwen/qwen3-235b-a22b,180,1.778174688057041
qwen/qwen3-235b-a22b,190,1.643175527620805
qwen/qwen3-235b-a22b,200,1.7427475845410627
qwen/qwen3-235b-a22b,210,1.609364002011061
qwen/qwen3-235b-a22b,220,1.4595704374303904
qwen/qwen3-235b-a22b,230,1.762824074074074
qwen/qwen3-235b-a22b,240,1.4023445096329807
qwen/qwen3-235b-a22b,250,1.5013676984389275
qwen/qwen3-235b-a22b,260,1.3961477567580318
qwen/qwen3-235b-a22b,270,1.446085018553894
qwen/qwen3-235b-a22b,280,1.5019049663156838
qwen/qwen3-235b-a22b,290,1.3833416875522138
qwen/qwen3-235b-a22b,300,1.292910447785999
qwen/qwen3-235b-a22b,310,1.39449374446708
qwen/qwen3-235b-a22b,320,1.6025910931174088
qwen/qwen3-235b-a22b,330,1.401048828666958
qwen/qwen3-235b-a22b,340,1.2215405275041586
qwen/qwen3-235b-a22b,350,1.389285359449294
qwen/qwen3-235b-a22b,360,1.2587562086803046
qwen/qwen3-235b-a22b,370,1.4571733805831752
qwen/qwen3-235b-a22b,380,1.3036548847590483
qwen/qwen3-235b-a22b,390,1.2461967906820848
qwen/qwen3-235b-a22b,400,1.2607835685639217
qwen/qwen3-235b-a22b,410,1.3120046105397645
qwen/qwen3-235b-a22b,420,1.290865999371135
qwen/qwen3-235b-a22b,430,1.284998732518697
qwen/qwen3-235b-a22b,440,1.1428266607814836
qwen/qwen3-235b-a22b,450,1.1816936248777428
qwen/qwen3-235b-a22b,460,1.1856693559734157
qwen/qwen3-235b-a22b,470,1.1856047041256885
qwen/qwen3-235b-a22b,480,1.20697083075676
qwen/qwen3-235b-a22b,490,1.1949076155466696
qwen/qwen3-235b-a22b,500,1.1658799354671645
x-ai/grok-3-beta,10,
x-ai/grok-3-beta,20,
x-ai/grok-3-beta,30,
x-ai/grok-3-beta,40,
x-ai/grok-3-beta,50,
x-ai/grok-3-beta,60,
x-ai/grok-3-beta,70,
x-ai/grok-3-beta,80,0.5
x-ai/grok-3-beta,90,0.0
x-ai/grok-3-beta,100,0.0
x-ai/grok-3-beta,110,1.0
x-ai/grok-3-beta,120,0.5
x-ai/grok-3-beta,130,1.625
x-ai/grok-3-beta,140,3.375
x-ai/grok-3-beta,150,3.0
x-ai/grok-3-beta,160,1.9583333333333335
x-ai/grok-3-beta,170,3.0666666666666664
x-ai/grok-3-beta,180,2.6100000000000003
x-ai/grok-3-beta,190,1.9333333333333331
x-ai/grok-3-beta,200,1.6357142857142857
x-ai/grok-3-beta,210,1.907905982905983
x-ai/grok-3-beta,220,1.5066666666666666
x-ai/grok-3-beta,230,1.384090909090909
x-ai/grok-3-beta,240,1.954747474747475
x-ai/grok-3-beta,250,1.661991341991342
x-ai/grok-3-beta,260,1.8312537136066545
x-ai/grok-3-beta,270,2.281880341880342
x-ai/grok-3-beta,280,1.6496825396825396
x-ai/grok-3-beta,290,1.6546583850931675
x-ai/grok-3-beta,300,1.855982905982906
x-ai/grok-3-beta,310,1.6136363636363638
x-ai/grok-3-beta,320,1.2202412587412588
x-ai/grok-3-beta,330,1.4846903820816864
x-ai/grok-3-beta,340,1.4419513457556936
x-ai/grok-3-beta,350,1.3720239329896775
x-ai/grok-3-beta,360,1.346134086220293
x-ai/grok-3-beta,370,1.2299537254375965
x-ai/grok-3-beta,380,1.3674725137431285
x-ai/grok-3-beta,390,1.2522292594777156
x-ai/grok-3-beta,400,1.3863764143650292
x-ai/grok-3-beta,410,1.2823671952704212
x-ai/grok-3-beta,420,1.2847107538667641
x-ai/grok-3-beta,430,1.2857616429605632
x-ai/grok-3-beta,440,1.2894736842105263
x-ai/grok-3-beta,450,1.3679506623189264
x-ai/grok-3-beta,460,1.2016286864403316
x-ai/grok-3-beta,470,1.2542557970598918
x-ai/grok-3-beta,480,1.2622519451755332
x-ai/grok-3-beta,490,1.2145118504022614
x-ai/grok-3-beta,500,1.2143364877711522
x-ai/grok-3-mini-beta,10,
x-ai/grok-3-mini-beta,20,
x-ai/grok-3-mini-beta,30,
x-ai/grok-3-mini-beta,40,0.0
x-ai/grok-3-mini-beta,50,
x-ai/grok-3-mini-beta,60,1.0
x-ai/grok-3-mini-beta,70,0.6666666666666666
x-ai/grok-3-mini-beta,80,1.7777777777777777
x-ai/grok-3-mini-beta,90,1.8888888888888886
x-ai/grok-3-mini-beta,100,2.075
x-ai/grok-3-mini-beta,110,2.966666666666667
x-ai/grok-3-mini-beta,120,2.4
x-ai/grok-3-mini-beta,130,1.6151515151515152
x-ai/grok-3-mini-beta,140,2.7603174603174603
x-ai/grok-3-mini-beta,150,2.2376190476190474
x-ai/grok-3-mini-beta,160,2.245201465201465
x-ai/grok-3-mini-beta,170,2.043888888888889
x-ai/grok-3-mini-beta,180,2.247777777777778
x-ai/grok-3-mini-beta,190,1.8075324675324675
x-ai/grok-3-mini-beta,200,2.043214285714286
x-ai/grok-3-mini-beta,210,1.6129870129870132
x-ai/grok-3-mini-beta,220,1.5148412698412699
x-ai/grok-3-mini-beta,230,1.8005893719806765
x-ai/grok-3-mini-beta,240,1.9035028011204482
x-ai/grok-3-mini-beta,250,1.6811511082693946
x-ai/grok-3-mini-beta,260,1.608922205563885
x-ai/grok-3-mini-beta,270,1.4192665571975918
x-ai/grok-3-mini-beta,280,1.7455141544706763
x-ai/grok-3-mini-beta,290,1.7143941273779983
x-ai/grok-3-mini-beta,300,1.7582074721780603
x-ai/grok-3-mini-beta,310,1.7638964888280895
x-ai/grok-3-mini-beta,320,1.8749066924066924
x-ai/grok-3-mini-beta,330,2.028803540382488
x-ai/grok-3-mini-beta,340,2.1067134181607865
x-ai/grok-3-mini-beta,350,1.8727302938501118
x-ai/grok-3-mini-beta,360,1.7068763722007105
x-ai/grok-3-mini-beta,370,1.8056382100139625
x-ai/grok-3-mini-beta,380,1.8533068298054576
x-ai/grok-3-mini-beta,390,1.7842967684318285
x-ai/grok-3-mini-beta,400,1.771710791654188
x-ai/grok-3-mini-beta,410,1.7857878573969892
x-ai/grok-3-mini-beta,420,1.7119395757908997
x-ai/grok-3-mini-beta,430,1.695994242623361
x-ai/grok-3-mini-beta,440,1.7103123549498833
x-ai/grok-3-mini-beta,450,1.5589302920695849
x-ai/grok-3-mini-beta,460,1.7255427171952817
x-ai/grok-3-mini-beta,470,1.6938789747024896
x-ai/grok-3-mini-beta,480,1.5261559490525007
x-ai/grok-3-mini-beta,490,1.4540450852705755
x-ai/grok-3-mini-beta,500,1.6764774865226673
